序,号
房,间,号
容,量,（,人,）
备,注
周,次,：,1,",",星,期,：,1,",",课,程,：,1,","
周,次,：,1,",",星,期,：,1,",",课,程,：,2,","
周,次,：,1,",",星,期,：,1,",",课,程,：,3,","
周,次,：,1,",",星,期,：,1,",",课,程,：,4,","
周,次,：,1,",",星,期,：,1,",",课,程,：,5,","
周,次,：,1,",",星,期,：,1,",",课,程,：,6,","
周,次,：,1,",",星,期,：,1,",",课,程,：,7,","
周,次,：,1,",",星,期,：,1,",",课,程,：,8,","
周,次,：,1,",",星,期,：,1,",",课,程,：,9,","
周,次,：,1,",",星,期,：,1,",",课,程,：,1,0,","
周,次,：,1,",",星,期,：,1,",",课,程,：,1,1,","
周,次,：,1,",",星,期,：,2,",",课,程,：,1,","
周,次,：,1,",",星,期,：,2,",",课,程,：,2,","
周,次,：,1,",",星,期,：,2,",",课,程,：,3,","
周,次,：,1,",",星,期,：,2,",",课,程,：,4,","
周,次,：,1,",",星,期,：,2,",",课,程,：,5,","
周,次,：,1,",",星,期,：,2,",",课,程,：,6,","
周,次,：,1,",",星,期,：,2,",",课,程,：,7,","
周,次,：,1,",",星,期,：,2,",",课,程,：,8,","
周,次,：,1,",",星,期,：,2,",",课,程,：,9,","
周,次,：,1,",",星,期,：,2,",",课,程,：,1,0,","
周,次,：,1,",",星,期,：,2,",",课,程,：,1,1,","
周,次,：,1,",",星,期,：,3,",",课,程,：,1,","
周,次,：,1,",",星,期,：,3,",",课,程,：,2,","
周,次,：,1,",",星,期,：,3,",",课,程,：,3,","
周,次,：,1,",",星,期,：,3,",",课,程,：,4,","
周,次,：,1,",",星,期,：,3,",",课,程,：,5,","
周,次,：,1,",",星,期,：,3,",",课,程,：,6,","
周,次,：,1,",",星,期,：,3,",",课,程,：,7,","
周,次,：,1,",",星,期,：,3,",",课,程,：,8,","
周,次,：,1,",",星,期,：,3,",",课,程,：,9,","
周,次,：,1,",",星,期,：,3,",",课,程,：,1,0,","
周,次,：,1,",",星,期,：,3,",",课,程,：,1,1,","
周,次,：,1,",",星,期,：,4,",",课,程,：,1,","
周,次,：,1,",",星,期,：,4,",",课,程,：,2,","
周,次,：,1,",",星,期,：,4,",",课,程,：,3,","
周,次,：,1,",",星,期,：,4,",",课,程,：,4,","
周,次,：,1,",",星,期,：,4,",",课,程,：,5,","
周,次,：,1,",",星,期,：,4,",",课,程,：,6,","
周,次,：,1,",",星,期,：,4,",",课,程,：,7,","
周,次,：,1,",",星,期,：,4,",",课,程,：,8,","
周,次,：,1,",",星,期,：,4,",",课,程,：,9,","
周,次,：,1,",",星,期,：,4,",",课,程,：,1,0,","
周,次,：,1,",",星,期,：,4,",",课,程,：,1,1,","
周,次,：,1,",",星,期,：,5,",",课,程,：,1,","
周,次,：,1,",",星,期,：,5,",",课,程,：,2,","
周,次,：,1,",",星,期,：,5,",",课,程,：,3,","
周,次,：,1,",",星,期,：,5,",",课,程,：,4,","
周,次,：,1,",",星,期,：,5,",",课,程,：,5,","
周,次,：,1,",",星,期,：,5,",",课,程,：,6,","
周,次,：,1,",",星,期,：,5,",",课,程,：,7,","
周,次,：,1,",",星,期,：,5,",",课,程,：,8,","
周,次,：,1,",",星,期,：,5,",",课,程,：,9,","
周,次,：,1,",",星,期,：,5,",",课,程,：,1,0,","
周,次,：,1,",",星,期,：,5,",",课,程,：,1,1,","
周,次,：,1,",",星,期,：,6,",",课,程,：,1,","
周,次,：,1,",",星,期,：,6,",",课,程,：,2,","
周,次,：,1,",",星,期,：,6,",",课,程,：,3,","
周,次,：,1,",",星,期,：,6,",",课,程,：,4,","
周,次,：,1,",",星,期,：,6,",",课,程,：,5,","
周,次,：,1,",",星,期,：,6,",",课,程,：,6,","
周,次,：,1,",",星,期,：,6,",",课,程,：,7,","
周,次,：,1,",",星,期,：,6,",",课,程,：,8,","
周,次,：,1,",",星,期,：,6,",",课,程,：,9,","
周,次,：,1,",",星,期,：,6,",",课,程,：,1,0,","
周,次,：,1,",",星,期,：,6,",",课,程,：,1,1,","
周,次,：,1,",",星,期,：,7,",",课,程,：,1,","
周,次,：,1,",",星,期,：,7,",",课,程,：,2,","
周,次,：,1,",",星,期,：,7,",",课,程,：,3,","
周,次,：,1,",",星,期,：,7,",",课,程,：,4,","
周,次,：,1,",",星,期,：,7,",",课,程,：,5,","
周,次,：,1,",",星,期,：,7,",",课,程,：,6,","
周,次,：,1,",",星,期,：,7,",",课,程,：,7,","
周,次,：,1,",",星,期,：,7,",",课,程,：,8,","
周,次,：,1,",",星,期,：,7,",",课,程,：,9,","
周,次,：,1,",",星,期,：,7,",",课,程,：,1,0,","
周,次,：,1,",",星,期,：,7,",",课,程,：,1,1,","
周,次,：,2,",",星,期,：,1,",",课,程,：,1,","
周,次,：,2,",",星,期,：,1,",",课,程,：,2,","
周,次,：,2,",",星,期,：,1,",",课,程,：,3,","
周,次,：,2,",",星,期,：,1,",",课,程,：,4,","
周,次,：,2,",",星,期,：,1,",",课,程,：,5,","
周,次,：,2,",",星,期,：,1,",",课,程,：,6,","
周,次,：,2,",",星,期,：,1,",",课,程,：,7,","
周,次,：,2,",",星,期,：,1,",",课,程,：,8,","
周,次,：,2,",",星,期,：,1,",",课,程,：,9,","
周,次,：,2,",",星,期,：,1,",",课,程,：,1,0,","
周,次,：,2,",",星,期,：,1,",",课,程,：,1,1,","
周,次,：,2,",",星,期,：,2,",",课,程,：,1,","
周,次,：,2,",",星,期,：,2,",",课,程,：,2,","
周,次,：,2,",",星,期,：,2,",",课,程,：,3,","
周,次,：,2,",",星,期,：,2,",",课,程,：,4,","
周,次,：,2,",",星,期,：,2,",",课,程,：,5,","
周,次,：,2,",",星,期,：,2,",",课,程,：,6,","
周,次,：,2,",",星,期,：,2,",",课,程,：,7,","
周,次,：,2,",",星,期,：,2,",",课,程,：,8,","
周,次,：,2,",",星,期,：,2,",",课,程,：,9,","
周,次,：,2,",",星,期,：,2,",",课,程,：,1,0,","
周,次,：,2,",",星,期,：,2,",",课,程,：,1,1,","
周,次,：,2,",",星,期,：,3,",",课,程,：,1,","
周,次,：,2,",",星,期,：,3,",",课,程,：,2,","
周,次,：,2,",",星,期,：,3,",",课,程,：,3,","
周,次,：,2,",",星,期,：,3,",",课,程,：,4,","
周,次,：,2,",",星,期,：,3,",",课,程,：,5,","
周,次,：,2,",",星,期,：,3,",",课,程,：,6,","
周,次,：,2,",",星,期,：,3,",",课,程,：,7,","
周,次,：,2,",",星,期,：,3,",",课,程,：,8,","
周,次,：,2,",",星,期,：,3,",",课,程,：,9,","
周,次,：,2,",",星,期,：,3,",",课,程,：,1,0,","
周,次,：,2,",",星,期,：,3,",",课,程,：,1,1,","
周,次,：,2,",",星,期,：,4,",",课,程,：,1,","
周,次,：,2,",",星,期,：,4,",",课,程,：,2,","
周,次,：,2,",",星,期,：,4,",",课,程,：,3,","
周,次,：,2,",",星,期,：,4,",",课,程,：,4,","
周,次,：,2,",",星,期,：,4,",",课,程,：,5,","
周,次,：,2,",",星,期,：,4,",",课,程,：,6,","
周,次,：,2,",",星,期,：,4,",",课,程,：,7,","
周,次,：,2,",",星,期,：,4,",",课,程,：,8,","
周,次,：,2,",",星,期,：,4,",",课,程,：,9,","
周,次,：,2,",",星,期,：,4,",",课,程,：,1,0,","
周,次,：,2,",",星,期,：,4,",",课,程,：,1,1,","
周,次,：,2,",",星,期,：,5,",",课,程,：,1,","
周,次,：,2,",",星,期,：,5,",",课,程,：,2,","
周,次,：,2,",",星,期,：,5,",",课,程,：,3,","
周,次,：,2,",",星,期,：,5,",",课,程,：,4,","
周,次,：,2,",",星,期,：,5,",",课,程,：,5,","
周,次,：,2,",",星,期,：,5,",",课,程,：,6,","
周,次,：,2,",",星,期,：,5,",",课,程,：,7,","
周,次,：,2,",",星,期,：,5,",",课,程,：,8,","
周,次,：,2,",",星,期,：,5,",",课,程,：,9,","
周,次,：,2,",",星,期,：,5,",",课,程,：,1,0,","
周,次,：,2,",",星,期,：,5,",",课,程,：,1,1,","
周,次,：,2,",",星,期,：,6,",",课,程,：,1,","
周,次,：,2,",",星,期,：,6,",",课,程,：,2,","
周,次,：,2,",",星,期,：,6,",",课,程,：,3,","
周,次,：,2,",",星,期,：,6,",",课,程,：,4,","
周,次,：,2,",",星,期,：,6,",",课,程,：,5,","
周,次,：,2,",",星,期,：,6,",",课,程,：,6,","
周,次,：,2,",",星,期,：,6,",",课,程,：,7,","
周,次,：,2,",",星,期,：,6,",",课,程,：,8,","
周,次,：,2,",",星,期,：,6,",",课,程,：,9,","
周,次,：,2,",",星,期,：,6,",",课,程,：,1,0,","
周,次,：,2,",",星,期,：,6,",",课,程,：,1,1,","
周,次,：,2,",",星,期,：,7,",",课,程,：,1,","
周,次,：,2,",",星,期,：,7,",",课,程,：,2,","
周,次,：,2,",",星,期,：,7,",",课,程,：,3,","
周,次,：,2,",",星,期,：,7,",",课,程,：,4,","
周,次,：,2,",",星,期,：,7,",",课,程,：,5,","
周,次,：,2,",",星,期,：,7,",",课,程,：,6,","
周,次,：,2,",",星,期,：,7,",",课,程,：,7,","
周,次,：,2,",",星,期,：,7,",",课,程,：,8,","
周,次,：,2,",",星,期,：,7,",",课,程,：,9,","
周,次,：,2,",",星,期,：,7,",",课,程,：,1,0,","
周,次,：,2,",",星,期,：,7,",",课,程,：,1,1,","
周,次,：,3,",",星,期,：,1,",",课,程,：,1,","
周,次,：,3,",",星,期,：,1,",",课,程,：,2,","
周,次,：,3,",",星,期,：,1,",",课,程,：,3,","
周,次,：,3,",",星,期,：,1,",",课,程,：,4,","
周,次,：,3,",",星,期,：,1,",",课,程,：,5,","
周,次,：,3,",",星,期,：,1,",",课,程,：,6,","
周,次,：,3,",",星,期,：,1,",",课,程,：,7,","
周,次,：,3,",",星,期,：,1,",",课,程,：,8,","
周,次,：,3,",",星,期,：,1,",",课,程,：,9,","
周,次,：,3,",",星,期,：,1,",",课,程,：,1,0,","
周,次,：,3,",",星,期,：,1,",",课,程,：,1,1,","
周,次,：,3,",",星,期,：,2,",",课,程,：,1,","
周,次,：,3,",",星,期,：,2,",",课,程,：,2,","
周,次,：,3,",",星,期,：,2,",",课,程,：,3,","
周,次,：,3,",",星,期,：,2,",",课,程,：,4,","
周,次,：,3,",",星,期,：,2,",",课,程,：,5,","
周,次,：,3,",",星,期,：,2,",",课,程,：,6,","
周,次,：,3,",",星,期,：,2,",",课,程,：,7,","
周,次,：,3,",",星,期,：,2,",",课,程,：,8,","
周,次,：,3,",",星,期,：,2,",",课,程,：,9,","
周,次,：,3,",",星,期,：,2,",",课,程,：,1,0,","
周,次,：,3,",",星,期,：,2,",",课,程,：,1,1,","
周,次,：,3,",",星,期,：,3,",",课,程,：,1,","
周,次,：,3,",",星,期,：,3,",",课,程,：,2,","
周,次,：,3,",",星,期,：,3,",",课,程,：,3,","
周,次,：,3,",",星,期,：,3,",",课,程,：,4,","
周,次,：,3,",",星,期,：,3,",",课,程,：,5,","
周,次,：,3,",",星,期,：,3,",",课,程,：,6,","
周,次,：,3,",",星,期,：,3,",",课,程,：,7,","
周,次,：,3,",",星,期,：,3,",",课,程,：,8,","
周,次,：,3,",",星,期,：,3,",",课,程,：,9,","
周,次,：,3,",",星,期,：,3,",",课,程,：,1,0,","
周,次,：,3,",",星,期,：,3,",",课,程,：,1,1,","
周,次,：,3,",",星,期,：,4,",",课,程,：,1,","
周,次,：,3,",",星,期,：,4,",",课,程,：,2,","
周,次,：,3,",",星,期,：,4,",",课,程,：,3,","
周,次,：,3,",",星,期,：,4,",",课,程,：,4,","
周,次,：,3,",",星,期,：,4,",",课,程,：,5,","
周,次,：,3,",",星,期,：,4,",",课,程,：,6,","
周,次,：,3,",",星,期,：,4,",",课,程,：,7,","
周,次,：,3,",",星,期,：,4,",",课,程,：,8,","
周,次,：,3,",",星,期,：,4,",",课,程,：,9,","
周,次,：,3,",",星,期,：,4,",",课,程,：,1,0,","
周,次,：,3,",",星,期,：,4,",",课,程,：,1,1,","
周,次,：,3,",",星,期,：,5,",",课,程,：,1,","
周,次,：,3,",",星,期,：,5,",",课,程,：,2,","
周,次,：,3,",",星,期,：,5,",",课,程,：,3,","
周,次,：,3,",",星,期,：,5,",",课,程,：,4,","
周,次,：,3,",",星,期,：,5,",",课,程,：,5,","
周,次,：,3,",",星,期,：,5,",",课,程,：,6,","
周,次,：,3,",",星,期,：,5,",",课,程,：,7,","
周,次,：,3,",",星,期,：,5,",",课,程,：,8,","
周,次,：,3,",",星,期,：,5,",",课,程,：,9,","
周,次,：,3,",",星,期,：,5,",",课,程,：,1,0,","
周,次,：,3,",",星,期,：,5,",",课,程,：,1,1,","
周,次,：,3,",",星,期,：,6,",",课,程,：,1,","
周,次,：,3,",",星,期,：,6,",",课,程,：,2,","
周,次,：,3,",",星,期,：,6,",",课,程,：,3,","
周,次,：,3,",",星,期,：,6,",",课,程,：,4,","
周,次,：,3,",",星,期,：,6,",",课,程,：,5,","
周,次,：,3,",",星,期,：,6,",",课,程,：,6,","
周,次,：,3,",",星,期,：,6,",",课,程,：,7,","
周,次,：,3,",",星,期,：,6,",",课,程,：,8,","
周,次,：,3,",",星,期,：,6,",",课,程,：,9,","
周,次,：,3,",",星,期,：,6,",",课,程,：,1,0,","
周,次,：,3,",",星,期,：,6,",",课,程,：,1,1,","
周,次,：,3,",",星,期,：,7,",",课,程,：,1,","
周,次,：,3,",",星,期,：,7,",",课,程,：,2,","
周,次,：,3,",",星,期,：,7,",",课,程,：,3,","
周,次,：,3,",",星,期,：,7,",",课,程,：,4,","
周,次,：,3,",",星,期,：,7,",",课,程,：,5,","
周,次,：,3,",",星,期,：,7,",",课,程,：,6,","
周,次,：,3,",",星,期,：,7,",",课,程,：,7,","
周,次,：,3,",",星,期,：,7,",",课,程,：,8,","
周,次,：,3,",",星,期,：,7,",",课,程,：,9,","
周,次,：,3,",",星,期,：,7,",",课,程,：,1,0,","
周,次,：,3,",",星,期,：,7,",",课,程,：,1,1,","
周,次,：,4,",",星,期,：,1,",",课,程,：,1,","
周,次,：,4,",",星,期,：,1,",",课,程,：,2,","
周,次,：,4,",",星,期,：,1,",",课,程,：,3,","
周,次,：,4,",",星,期,：,1,",",课,程,：,4,","
周,次,：,4,",",星,期,：,1,",",课,程,：,5,","
周,次,：,4,",",星,期,：,1,",",课,程,：,6,","
周,次,：,4,",",星,期,：,1,",",课,程,：,7,","
周,次,：,4,",",星,期,：,1,",",课,程,：,8,","
周,次,：,4,",",星,期,：,1,",",课,程,：,9,","
周,次,：,4,",",星,期,：,1,",",课,程,：,1,0,","
周,次,：,4,",",星,期,：,1,",",课,程,：,1,1,","
周,次,：,4,",",星,期,：,2,",",课,程,：,1,","
周,次,：,4,",",星,期,：,2,",",课,程,：,2,","
周,次,：,4,",",星,期,：,2,",",课,程,：,3,","
周,次,：,4,",",星,期,：,2,",",课,程,：,4,","
周,次,：,4,",",星,期,：,2,",",课,程,：,5,","
周,次,：,4,",",星,期,：,2,",",课,程,：,6,","
周,次,：,4,",",星,期,：,2,",",课,程,：,7,","
周,次,：,4,",",星,期,：,2,",",课,程,：,8,","
周,次,：,4,",",星,期,：,2,",",课,程,：,9,","
周,次,：,4,",",星,期,：,2,",",课,程,：,1,0,","
周,次,：,4,",",星,期,：,2,",",课,程,：,1,1,","
周,次,：,4,",",星,期,：,3,",",课,程,：,1,","
周,次,：,4,",",星,期,：,3,",",课,程,：,2,","
周,次,：,4,",",星,期,：,3,",",课,程,：,3,","
周,次,：,4,",",星,期,：,3,",",课,程,：,4,","
周,次,：,4,",",星,期,：,3,",",课,程,：,5,","
周,次,：,4,",",星,期,：,3,",",课,程,：,6,","
周,次,：,4,",",星,期,：,3,",",课,程,：,7,","
周,次,：,4,",",星,期,：,3,",",课,程,：,8,","
周,次,：,4,",",星,期,：,3,",",课,程,：,9,","
周,次,：,4,",",星,期,：,3,",",课,程,：,1,0,","
周,次,：,4,",",星,期,：,3,",",课,程,：,1,1,","
周,次,：,4,",",星,期,：,4,",",课,程,：,1,","
周,次,：,4,",",星,期,：,4,",",课,程,：,2,","
周,次,：,4,",",星,期,：,4,",",课,程,：,3,","
周,次,：,4,",",星,期,：,4,",",课,程,：,4,","
周,次,：,4,",",星,期,：,4,",",课,程,：,5,","
周,次,：,4,",",星,期,：,4,",",课,程,：,6,","
周,次,：,4,",",星,期,：,4,",",课,程,：,7,","
周,次,：,4,",",星,期,：,4,",",课,程,：,8,","
周,次,：,4,",",星,期,：,4,",",课,程,：,9,","
周,次,：,4,",",星,期,：,4,",",课,程,：,1,0,","
周,次,：,4,",",星,期,：,4,",",课,程,：,1,1,","
周,次,：,4,",",星,期,：,5,",",课,程,：,1,","
周,次,：,4,",",星,期,：,5,",",课,程,：,2,","
周,次,：,4,",",星,期,：,5,",",课,程,：,3,","
周,次,：,4,",",星,期,：,5,",",课,程,：,4,","
周,次,：,4,",",星,期,：,5,",",课,程,：,5,","
周,次,：,4,",",星,期,：,5,",",课,程,：,6,","
周,次,：,4,",",星,期,：,5,",",课,程,：,7,","
周,次,：,4,",",星,期,：,5,",",课,程,：,8,","
周,次,：,4,",",星,期,：,5,",",课,程,：,9,","
周,次,：,4,",",星,期,：,5,",",课,程,：,1,0,","
周,次,：,4,",",星,期,：,5,",",课,程,：,1,1,","
周,次,：,4,",",星,期,：,6,",",课,程,：,1,","
周,次,：,4,",",星,期,：,6,",",课,程,：,2,","
周,次,：,4,",",星,期,：,6,",",课,程,：,3,","
周,次,：,4,",",星,期,：,6,",",课,程,：,4,","
周,次,：,4,",",星,期,：,6,",",课,程,：,5,","
周,次,：,4,",",星,期,：,6,",",课,程,：,6,","
周,次,：,4,",",星,期,：,6,",",课,程,：,7,","
周,次,：,4,",",星,期,：,6,",",课,程,：,8,","
周,次,：,4,",",星,期,：,6,",",课,程,：,9,","
周,次,：,4,",",星,期,：,6,",",课,程,：,1,0,","
周,次,：,4,",",星,期,：,6,",",课,程,：,1,1,","
周,次,：,4,",",星,期,：,7,",",课,程,：,1,","
周,次,：,4,",",星,期,：,7,",",课,程,：,2,","
周,次,：,4,",",星,期,：,7,",",课,程,：,3,","
周,次,：,4,",",星,期,：,7,",",课,程,：,4,","
周,次,：,4,",",星,期,：,7,",",课,程,：,5,","
周,次,：,4,",",星,期,：,7,",",课,程,：,6,","
周,次,：,4,",",星,期,：,7,",",课,程,：,7,","
周,次,：,4,",",星,期,：,7,",",课,程,：,8,","
周,次,：,4,",",星,期,：,7,",",课,程,：,9,","
周,次,：,4,",",星,期,：,7,",",课,程,：,1,0,","
周,次,：,4,",",星,期,：,7,",",课,程,：,1,1,","
周,次,：,5,",",星,期,：,1,",",课,程,：,1,","
周,次,：,5,",",星,期,：,1,",",课,程,：,2,","
周,次,：,5,",",星,期,：,1,",",课,程,：,3,","
周,次,：,5,",",星,期,：,1,",",课,程,：,4,","
周,次,：,5,",",星,期,：,1,",",课,程,：,5,","
周,次,：,5,",",星,期,：,1,",",课,程,：,6,","
周,次,：,5,",",星,期,：,1,",",课,程,：,7,","
周,次,：,5,",",星,期,：,1,",",课,程,：,8,","
周,次,：,5,",",星,期,：,1,",",课,程,：,9,","
周,次,：,5,",",星,期,：,1,",",课,程,：,1,0,","
周,次,：,5,",",星,期,：,1,",",课,程,：,1,1,","
周,次,：,5,",",星,期,：,2,",",课,程,：,1,","
周,次,：,5,",",星,期,：,2,",",课,程,：,2,","
周,次,：,5,",",星,期,：,2,",",课,程,：,3,","
周,次,：,5,",",星,期,：,2,",",课,程,：,4,","
周,次,：,5,",",星,期,：,2,",",课,程,：,5,","
周,次,：,5,",",星,期,：,2,",",课,程,：,6,","
周,次,：,5,",",星,期,：,2,",",课,程,：,7,","
周,次,：,5,",",星,期,：,2,",",课,程,：,8,","
周,次,：,5,",",星,期,：,2,",",课,程,：,9,","
周,次,：,5,",",星,期,：,2,",",课,程,：,1,0,","
周,次,：,5,",",星,期,：,2,",",课,程,：,1,1,","
周,次,：,5,",",星,期,：,3,",",课,程,：,1,","
周,次,：,5,",",星,期,：,3,",",课,程,：,2,","
周,次,：,5,",",星,期,：,3,",",课,程,：,3,","
周,次,：,5,",",星,期,：,3,",",课,程,：,4,","
周,次,：,5,",",星,期,：,3,",",课,程,：,5,","
周,次,：,5,",",星,期,：,3,",",课,程,：,6,","
周,次,：,5,",",星,期,：,3,",",课,程,：,7,","
周,次,：,5,",",星,期,：,3,",",课,程,：,8,","
周,次,：,5,",",星,期,：,3,",",课,程,：,9,","
周,次,：,5,",",星,期,：,3,",",课,程,：,1,0,","
周,次,：,5,",",星,期,：,3,",",课,程,：,1,1,","
周,次,：,5,",",星,期,：,4,",",课,程,：,1,","
周,次,：,5,",",星,期,：,4,",",课,程,：,2,","
周,次,：,5,",",星,期,：,4,",",课,程,：,3,","
周,次,：,5,",",星,期,：,4,",",课,程,：,4,","
周,次,：,5,",",星,期,：,4,",",课,程,：,5,","
周,次,：,5,",",星,期,：,4,",",课,程,：,6,","
周,次,：,5,",",星,期,：,4,",",课,程,：,7,","
周,次,：,5,",",星,期,：,4,",",课,程,：,8,","
周,次,：,5,",",星,期,：,4,",",课,程,：,9,","
周,次,：,5,",",星,期,：,4,",",课,程,：,1,0,","
周,次,：,5,",",星,期,：,4,",",课,程,：,1,1,","
周,次,：,5,",",星,期,：,5,",",课,程,：,1,","
周,次,：,5,",",星,期,：,5,",",课,程,：,2,","
周,次,：,5,",",星,期,：,5,",",课,程,：,3,","
周,次,：,5,",",星,期,：,5,",",课,程,：,4,","
周,次,：,5,",",星,期,：,5,",",课,程,：,5,","
周,次,：,5,",",星,期,：,5,",",课,程,：,6,","
周,次,：,5,",",星,期,：,5,",",课,程,：,7,","
周,次,：,5,",",星,期,：,5,",",课,程,：,8,","
周,次,：,5,",",星,期,：,5,",",课,程,：,9,","
周,次,：,5,",",星,期,：,5,",",课,程,：,1,0,","
周,次,：,5,",",星,期,：,5,",",课,程,：,1,1,","
周,次,：,5,",",星,期,：,6,",",课,程,：,1,","
周,次,：,5,",",星,期,：,6,",",课,程,：,2,","
周,次,：,5,",",星,期,：,6,",",课,程,：,3,","
周,次,：,5,",",星,期,：,6,",",课,程,：,4,","
周,次,：,5,",",星,期,：,6,",",课,程,：,5,","
周,次,：,5,",",星,期,：,6,",",课,程,：,6,","
周,次,：,5,",",星,期,：,6,",",课,程,：,7,","
周,次,：,5,",",星,期,：,6,",",课,程,：,8,","
周,次,：,5,",",星,期,：,6,",",课,程,：,9,","
周,次,：,5,",",星,期,：,6,",",课,程,：,1,0,","
周,次,：,5,",",星,期,：,6,",",课,程,：,1,1,","
周,次,：,5,",",星,期,：,7,",",课,程,：,1,","
周,次,：,5,",",星,期,：,7,",",课,程,：,2,","
周,次,：,5,",",星,期,：,7,",",课,程,：,3,","
周,次,：,5,",",星,期,：,7,",",课,程,：,4,","
周,次,：,5,",",星,期,：,7,",",课,程,：,5,","
周,次,：,5,",",星,期,：,7,",",课,程,：,6,","
周,次,：,5,",",星,期,：,7,",",课,程,：,7,","
周,次,：,5,",",星,期,：,7,",",课,程,：,8,","
周,次,：,5,",",星,期,：,7,",",课,程,：,9,","
周,次,：,5,",",星,期,：,7,",",课,程,：,1,0,","
周,次,：,5,",",星,期,：,7,",",课,程,：,1,1,","
周,次,：,6,",",星,期,：,1,",",课,程,：,1,","
周,次,：,6,",",星,期,：,1,",",课,程,：,2,","
周,次,：,6,",",星,期,：,1,",",课,程,：,3,","
周,次,：,6,",",星,期,：,1,",",课,程,：,4,","
周,次,：,6,",",星,期,：,1,",",课,程,：,5,","
周,次,：,6,",",星,期,：,1,",",课,程,：,6,","
周,次,：,6,",",星,期,：,1,",",课,程,：,7,","
周,次,：,6,",",星,期,：,1,",",课,程,：,8,","
周,次,：,6,",",星,期,：,1,",",课,程,：,9,","
周,次,：,6,",",星,期,：,1,",",课,程,：,1,0,","
周,次,：,6,",",星,期,：,1,",",课,程,：,1,1,","
周,次,：,6,",",星,期,：,2,",",课,程,：,1,","
周,次,：,6,",",星,期,：,2,",",课,程,：,2,","
周,次,：,6,",",星,期,：,2,",",课,程,：,3,","
周,次,：,6,",",星,期,：,2,",",课,程,：,4,","
周,次,：,6,",",星,期,：,2,",",课,程,：,5,","
周,次,：,6,",",星,期,：,2,",",课,程,：,6,","
周,次,：,6,",",星,期,：,2,",",课,程,：,7,","
周,次,：,6,",",星,期,：,2,",",课,程,：,8,","
周,次,：,6,",",星,期,：,2,",",课,程,：,9,","
周,次,：,6,",",星,期,：,2,",",课,程,：,1,0,","
周,次,：,6,",",星,期,：,2,",",课,程,：,1,1,","
周,次,：,6,",",星,期,：,3,",",课,程,：,1,","
周,次,：,6,",",星,期,：,3,",",课,程,：,2,","
周,次,：,6,",",星,期,：,3,",",课,程,：,3,","
周,次,：,6,",",星,期,：,3,",",课,程,：,4,","
周,次,：,6,",",星,期,：,3,",",课,程,：,5,","
周,次,：,6,",",星,期,：,3,",",课,程,：,6,","
周,次,：,6,",",星,期,：,3,",",课,程,：,7,","
周,次,：,6,",",星,期,：,3,",",课,程,：,8,","
周,次,：,6,",",星,期,：,3,",",课,程,：,9,","
周,次,：,6,",",星,期,：,3,",",课,程,：,1,0,","
周,次,：,6,",",星,期,：,3,",",课,程,：,1,1,","
周,次,：,6,",",星,期,：,4,",",课,程,：,1,","
周,次,：,6,",",星,期,：,4,",",课,程,：,2,","
周,次,：,6,",",星,期,：,4,",",课,程,：,3,","
周,次,：,6,",",星,期,：,4,",",课,程,：,4,","
周,次,：,6,",",星,期,：,4,",",课,程,：,5,","
周,次,：,6,",",星,期,：,4,",",课,程,：,6,","
周,次,：,6,",",星,期,：,4,",",课,程,：,7,","
周,次,：,6,",",星,期,：,4,",",课,程,：,8,","
周,次,：,6,",",星,期,：,4,",",课,程,：,9,","
周,次,：,6,",",星,期,：,4,",",课,程,：,1,0,","
周,次,：,6,",",星,期,：,4,",",课,程,：,1,1,","
周,次,：,6,",",星,期,：,5,",",课,程,：,1,","
周,次,：,6,",",星,期,：,5,",",课,程,：,2,","
周,次,：,6,",",星,期,：,5,",",课,程,：,3,","
周,次,：,6,",",星,期,：,5,",",课,程,：,4,","
周,次,：,6,",",星,期,：,5,",",课,程,：,5,","
周,次,：,6,",",星,期,：,5,",",课,程,：,6,","
周,次,：,6,",",星,期,：,5,",",课,程,：,7,","
周,次,：,6,",",星,期,：,5,",",课,程,：,8,","
周,次,：,6,",",星,期,：,5,",",课,程,：,9,","
周,次,：,6,",",星,期,：,5,",",课,程,：,1,0,","
周,次,：,6,",",星,期,：,5,",",课,程,：,1,1,","
周,次,：,6,",",星,期,：,6,",",课,程,：,1,","
周,次,：,6,",",星,期,：,6,",",课,程,：,2,","
周,次,：,6,",",星,期,：,6,",",课,程,：,3,","
周,次,：,6,",",星,期,：,6,",",课,程,：,4,","
周,次,：,6,",",星,期,：,6,",",课,程,：,5,","
周,次,：,6,",",星,期,：,6,",",课,程,：,6,","
周,次,：,6,",",星,期,：,6,",",课,程,：,7,","
周,次,：,6,",",星,期,：,6,",",课,程,：,8,","
周,次,：,6,",",星,期,：,6,",",课,程,：,9,","
周,次,：,6,",",星,期,：,6,",",课,程,：,1,0,","
周,次,：,6,",",星,期,：,6,",",课,程,：,1,1,","
周,次,：,6,",",星,期,：,7,",",课,程,：,1,","
周,次,：,6,",",星,期,：,7,",",课,程,：,2,","
周,次,：,6,",",星,期,：,7,",",课,程,：,3,","
周,次,：,6,",",星,期,：,7,",",课,程,：,4,","
周,次,：,6,",",星,期,：,7,",",课,程,：,5,","
周,次,：,6,",",星,期,：,7,",",课,程,：,6,","
周,次,：,6,",",星,期,：,7,",",课,程,：,7,","
周,次,：,6,",",星,期,：,7,",",课,程,：,8,","
周,次,：,6,",",星,期,：,7,",",课,程,：,9,","
周,次,：,6,",",星,期,：,7,",",课,程,：,1,0,","
周,次,：,6,",",星,期,：,7,",",课,程,：,1,1,","
周,次,：,7,",",星,期,：,1,",",课,程,：,1,","
周,次,：,7,",",星,期,：,1,",",课,程,：,2,","
周,次,：,7,",",星,期,：,1,",",课,程,：,3,","
周,次,：,7,",",星,期,：,1,",",课,程,：,4,","
周,次,：,7,",",星,期,：,1,",",课,程,：,5,","
周,次,：,7,",",星,期,：,1,",",课,程,：,6,","
周,次,：,7,",",星,期,：,1,",",课,程,：,7,","
周,次,：,7,",",星,期,：,1,",",课,程,：,8,","
周,次,：,7,",",星,期,：,1,",",课,程,：,9,","
周,次,：,7,",",星,期,：,1,",",课,程,：,1,0,","
周,次,：,7,",",星,期,：,1,",",课,程,：,1,1,","
周,次,：,7,",",星,期,：,2,",",课,程,：,1,","
周,次,：,7,",",星,期,：,2,",",课,程,：,2,","
周,次,：,7,",",星,期,：,2,",",课,程,：,3,","
周,次,：,7,",",星,期,：,2,",",课,程,：,4,","
周,次,：,7,",",星,期,：,2,",",课,程,：,5,","
周,次,：,7,",",星,期,：,2,",",课,程,：,6,","
周,次,：,7,",",星,期,：,2,",",课,程,：,7,","
周,次,：,7,",",星,期,：,2,",",课,程,：,8,","
周,次,：,7,",",星,期,：,2,",",课,程,：,9,","
周,次,：,7,",",星,期,：,2,",",课,程,：,1,0,","
周,次,：,7,",",星,期,：,2,",",课,程,：,1,1,","
周,次,：,7,",",星,期,：,3,",",课,程,：,1,","
周,次,：,7,",",星,期,：,3,",",课,程,：,2,","
周,次,：,7,",",星,期,：,3,",",课,程,：,3,","
周,次,：,7,",",星,期,：,3,",",课,程,：,4,","
周,次,：,7,",",星,期,：,3,",",课,程,：,5,","
周,次,：,7,",",星,期,：,3,",",课,程,：,6,","
周,次,：,7,",",星,期,：,3,",",课,程,：,7,","
周,次,：,7,",",星,期,：,3,",",课,程,：,8,","
周,次,：,7,",",星,期,：,3,",",课,程,：,9,","
周,次,：,7,",",星,期,：,3,",",课,程,：,1,0,","
周,次,：,7,",",星,期,：,3,",",课,程,：,1,1,","
周,次,：,7,",",星,期,：,4,",",课,程,：,1,","
周,次,：,7,",",星,期,：,4,",",课,程,：,2,","
周,次,：,7,",",星,期,：,4,",",课,程,：,3,","
周,次,：,7,",",星,期,：,4,",",课,程,：,4,","
周,次,：,7,",",星,期,：,4,",",课,程,：,5,","
周,次,：,7,",",星,期,：,4,",",课,程,：,6,","
周,次,：,7,",",星,期,：,4,",",课,程,：,7,","
周,次,：,7,",",星,期,：,4,",",课,程,：,8,","
周,次,：,7,",",星,期,：,4,",",课,程,：,9,","
周,次,：,7,",",星,期,：,4,",",课,程,：,1,0,","
周,次,：,7,",",星,期,：,4,",",课,程,：,1,1,","
周,次,：,7,",",星,期,：,5,",",课,程,：,1,","
周,次,：,7,",",星,期,：,5,",",课,程,：,2,","
周,次,：,7,",",星,期,：,5,",",课,程,：,3,","
周,次,：,7,",",星,期,：,5,",",课,程,：,4,","
周,次,：,7,",",星,期,：,5,",",课,程,：,5,","
周,次,：,7,",",星,期,：,5,",",课,程,：,6,","
周,次,：,7,",",星,期,：,5,",",课,程,：,7,","
周,次,：,7,",",星,期,：,5,",",课,程,：,8,","
周,次,：,7,",",星,期,：,5,",",课,程,：,9,","
周,次,：,7,",",星,期,：,5,",",课,程,：,1,0,","
周,次,：,7,",",星,期,：,5,",",课,程,：,1,1,","
周,次,：,7,",",星,期,：,6,",",课,程,：,1,","
周,次,：,7,",",星,期,：,6,",",课,程,：,2,","
周,次,：,7,",",星,期,：,6,",",课,程,：,3,","
周,次,：,7,",",星,期,：,6,",",课,程,：,4,","
周,次,：,7,",",星,期,：,6,",",课,程,：,5,","
周,次,：,7,",",星,期,：,6,",",课,程,：,6,","
周,次,：,7,",",星,期,：,6,",",课,程,：,7,","
周,次,：,7,",",星,期,：,6,",",课,程,：,8,","
周,次,：,7,",",星,期,：,6,",",课,程,：,9,","
周,次,：,7,",",星,期,：,6,",",课,程,：,1,0,","
周,次,：,7,",",星,期,：,6,",",课,程,：,1,1,","
周,次,：,7,",",星,期,：,7,",",课,程,：,1,","
周,次,：,7,",",星,期,：,7,",",课,程,：,2,","
周,次,：,7,",",星,期,：,7,",",课,程,：,3,","
周,次,：,7,",",星,期,：,7,",",课,程,：,4,","
周,次,：,7,",",星,期,：,7,",",课,程,：,5,","
周,次,：,7,",",星,期,：,7,",",课,程,：,6,","
周,次,：,7,",",星,期,：,7,",",课,程,：,7,","
周,次,：,7,",",星,期,：,7,",",课,程,：,8,","
周,次,：,7,",",星,期,：,7,",",课,程,：,9,","
周,次,：,7,",",星,期,：,7,",",课,程,：,1,0,","
周,次,：,7,",",星,期,：,7,",",课,程,：,1,1,","
周,次,：,8,",",星,期,：,1,",",课,程,：,1,","
周,次,：,8,",",星,期,：,1,",",课,程,：,2,","
周,次,：,8,",",星,期,：,1,",",课,程,：,3,","
周,次,：,8,",",星,期,：,1,",",课,程,：,4,","
周,次,：,8,",",星,期,：,1,",",课,程,：,5,","
周,次,：,8,",",星,期,：,1,",",课,程,：,6,","
周,次,：,8,",",星,期,：,1,",",课,程,：,7,","
周,次,：,8,",",星,期,：,1,",",课,程,：,8,","
周,次,：,8,",",星,期,：,1,",",课,程,：,9,","
周,次,：,8,",",星,期,：,1,",",课,程,：,1,0,","
周,次,：,8,",",星,期,：,1,",",课,程,：,1,1,","
周,次,：,8,",",星,期,：,2,",",课,程,：,1,","
周,次,：,8,",",星,期,：,2,",",课,程,：,2,","
周,次,：,8,",",星,期,：,2,",",课,程,：,3,","
周,次,：,8,",",星,期,：,2,",",课,程,：,4,","
周,次,：,8,",",星,期,：,2,",",课,程,：,5,","
周,次,：,8,",",星,期,：,2,",",课,程,：,6,","
周,次,：,8,",",星,期,：,2,",",课,程,：,7,","
周,次,：,8,",",星,期,：,2,",",课,程,：,8,","
周,次,：,8,",",星,期,：,2,",",课,程,：,9,","
周,次,：,8,",",星,期,：,2,",",课,程,：,1,0,","
周,次,：,8,",",星,期,：,2,",",课,程,：,1,1,","
周,次,：,8,",",星,期,：,3,",",课,程,：,1,","
周,次,：,8,",",星,期,：,3,",",课,程,：,2,","
周,次,：,8,",",星,期,：,3,",",课,程,：,3,","
周,次,：,8,",",星,期,：,3,",",课,程,：,4,","
周,次,：,8,",",星,期,：,3,",",课,程,：,5,","
周,次,：,8,",",星,期,：,3,",",课,程,：,6,","
周,次,：,8,",",星,期,：,3,",",课,程,：,7,","
周,次,：,8,",",星,期,：,3,",",课,程,：,8,","
周,次,：,8,",",星,期,：,3,",",课,程,：,9,","
周,次,：,8,",",星,期,：,3,",",课,程,：,1,0,","
周,次,：,8,",",星,期,：,3,",",课,程,：,1,1,","
周,次,：,8,",",星,期,：,4,",",课,程,：,1,","
周,次,：,8,",",星,期,：,4,",",课,程,：,2,","
周,次,：,8,",",星,期,：,4,",",课,程,：,3,","
周,次,：,8,",",星,期,：,4,",",课,程,：,4,","
周,次,：,8,",",星,期,：,4,",",课,程,：,5,","
周,次,：,8,",",星,期,：,4,",",课,程,：,6,","
周,次,：,8,",",星,期,：,4,",",课,程,：,7,","
周,次,：,8,",",星,期,：,4,",",课,程,：,8,","
周,次,：,8,",",星,期,：,4,",",课,程,：,9,","
周,次,：,8,",",星,期,：,4,",",课,程,：,1,0,","
周,次,：,8,",",星,期,：,4,",",课,程,：,1,1,","
周,次,：,8,",",星,期,：,5,",",课,程,：,1,","
周,次,：,8,",",星,期,：,5,",",课,程,：,2,","
周,次,：,8,",",星,期,：,5,",",课,程,：,3,","
周,次,：,8,",",星,期,：,5,",",课,程,：,4,","
周,次,：,8,",",星,期,：,5,",",课,程,：,5,","
周,次,：,8,",",星,期,：,5,",",课,程,：,6,","
周,次,：,8,",",星,期,：,5,",",课,程,：,7,","
周,次,：,8,",",星,期,：,5,",",课,程,：,8,","
周,次,：,8,",",星,期,：,5,",",课,程,：,9,","
周,次,：,8,",",星,期,：,5,",",课,程,：,1,0,","
周,次,：,8,",",星,期,：,5,",",课,程,：,1,1,","
周,次,：,8,",",星,期,：,6,",",课,程,：,1,","
周,次,：,8,",",星,期,：,6,",",课,程,：,2,","
周,次,：,8,",",星,期,：,6,",",课,程,：,3,","
周,次,：,8,",",星,期,：,6,",",课,程,：,4,","
周,次,：,8,",",星,期,：,6,",",课,程,：,5,","
周,次,：,8,",",星,期,：,6,",",课,程,：,6,","
周,次,：,8,",",星,期,：,6,",",课,程,：,7,","
周,次,：,8,",",星,期,：,6,",",课,程,：,8,","
周,次,：,8,",",星,期,：,6,",",课,程,：,9,","
周,次,：,8,",",星,期,：,6,",",课,程,：,1,0,","
周,次,：,8,",",星,期,：,6,",",课,程,：,1,1,","
周,次,：,8,",",星,期,：,7,",",课,程,：,1,","
周,次,：,8,",",星,期,：,7,",",课,程,：,2,","
周,次,：,8,",",星,期,：,7,",",课,程,：,3,","
周,次,：,8,",",星,期,：,7,",",课,程,：,4,","
周,次,：,8,",",星,期,：,7,",",课,程,：,5,","
周,次,：,8,",",星,期,：,7,",",课,程,：,6,","
周,次,：,8,",",星,期,：,7,",",课,程,：,7,","
周,次,：,8,",",星,期,：,7,",",课,程,：,8,","
周,次,：,8,",",星,期,：,7,",",课,程,：,9,","
周,次,：,8,",",星,期,：,7,",",课,程,：,1,0,","
周,次,：,8,",",星,期,：,7,",",课,程,：,1,1,","
周,次,：,9,",",星,期,：,1,",",课,程,：,1,","
周,次,：,9,",",星,期,：,1,",",课,程,：,2,","
周,次,：,9,",",星,期,：,1,",",课,程,：,3,","
周,次,：,9,",",星,期,：,1,",",课,程,：,4,","
周,次,：,9,",",星,期,：,1,",",课,程,：,5,","
周,次,：,9,",",星,期,：,1,",",课,程,：,6,","
周,次,：,9,",",星,期,：,1,",",课,程,：,7,","
周,次,：,9,",",星,期,：,1,",",课,程,：,8,","
周,次,：,9,",",星,期,：,1,",",课,程,：,9,","
周,次,：,9,",",星,期,：,1,",",课,程,：,1,0,","
周,次,：,9,",",星,期,：,1,",",课,程,：,1,1,","
周,次,：,9,",",星,期,：,2,",",课,程,：,1,","
周,次,：,9,",",星,期,：,2,",",课,程,：,2,","
周,次,：,9,",",星,期,：,2,",",课,程,：,3,","
周,次,：,9,",",星,期,：,2,",",课,程,：,4,","
周,次,：,9,",",星,期,：,2,",",课,程,：,5,","
周,次,：,9,",",星,期,：,2,",",课,程,：,6,","
周,次,：,9,",",星,期,：,2,",",课,程,：,7,","
周,次,：,9,",",星,期,：,2,",",课,程,：,8,","
周,次,：,9,",",星,期,：,2,",",课,程,：,9,","
周,次,：,9,",",星,期,：,2,",",课,程,：,1,0,","
周,次,：,9,",",星,期,：,2,",",课,程,：,1,1,","
周,次,：,9,",",星,期,：,3,",",课,程,：,1,","
周,次,：,9,",",星,期,：,3,",",课,程,：,2,","
周,次,：,9,",",星,期,：,3,",",课,程,：,3,","
周,次,：,9,",",星,期,：,3,",",课,程,：,4,","
周,次,：,9,",",星,期,：,3,",",课,程,：,5,","
周,次,：,9,",",星,期,：,3,",",课,程,：,6,","
周,次,：,9,",",星,期,：,3,",",课,程,：,7,","
周,次,：,9,",",星,期,：,3,",",课,程,：,8,","
周,次,：,9,",",星,期,：,3,",",课,程,：,9,","
周,次,：,9,",",星,期,：,3,",",课,程,：,1,0,","
周,次,：,9,",",星,期,：,3,",",课,程,：,1,1,","
周,次,：,9,",",星,期,：,4,",",课,程,：,1,","
周,次,：,9,",",星,期,：,4,",",课,程,：,2,","
周,次,：,9,",",星,期,：,4,",",课,程,：,3,","
周,次,：,9,",",星,期,：,4,",",课,程,：,4,","
周,次,：,9,",",星,期,：,4,",",课,程,：,5,","
周,次,：,9,",",星,期,：,4,",",课,程,：,6,","
周,次,：,9,",",星,期,：,4,",",课,程,：,7,","
周,次,：,9,",",星,期,：,4,",",课,程,：,8,","
周,次,：,9,",",星,期,：,4,",",课,程,：,9,","
周,次,：,9,",",星,期,：,4,",",课,程,：,1,0,","
周,次,：,9,",",星,期,：,4,",",课,程,：,1,1,","
周,次,：,9,",",星,期,：,5,",",课,程,：,1,","
周,次,：,9,",",星,期,：,5,",",课,程,：,2,","
周,次,：,9,",",星,期,：,5,",",课,程,：,3,","
周,次,：,9,",",星,期,：,5,",",课,程,：,4,","
周,次,：,9,",",星,期,：,5,",",课,程,：,5,","
周,次,：,9,",",星,期,：,5,",",课,程,：,6,","
周,次,：,9,",",星,期,：,5,",",课,程,：,7,","
周,次,：,9,",",星,期,：,5,",",课,程,：,8,","
周,次,：,9,",",星,期,：,5,",",课,程,：,9,","
周,次,：,9,",",星,期,：,5,",",课,程,：,1,0,","
周,次,：,9,",",星,期,：,5,",",课,程,：,1,1,","
周,次,：,9,",",星,期,：,6,",",课,程,：,1,","
周,次,：,9,",",星,期,：,6,",",课,程,：,2,","
周,次,：,9,",",星,期,：,6,",",课,程,：,3,","
周,次,：,9,",",星,期,：,6,",",课,程,：,4,","
周,次,：,9,",",星,期,：,6,",",课,程,：,5,","
周,次,：,9,",",星,期,：,6,",",课,程,：,6,","
周,次,：,9,",",星,期,：,6,",",课,程,：,7,","
周,次,：,9,",",星,期,：,6,",",课,程,：,8,","
周,次,：,9,",",星,期,：,6,",",课,程,：,9,","
周,次,：,9,",",星,期,：,6,",",课,程,：,1,0,","
周,次,：,9,",",星,期,：,6,",",课,程,：,1,1,","
周,次,：,9,",",星,期,：,7,",",课,程,：,1,","
周,次,：,9,",",星,期,：,7,",",课,程,：,2,","
周,次,：,9,",",星,期,：,7,",",课,程,：,3,","
周,次,：,9,",",星,期,：,7,",",课,程,：,4,","
周,次,：,9,",",星,期,：,7,",",课,程,：,5,","
周,次,：,9,",",星,期,：,7,",",课,程,：,6,","
周,次,：,9,",",星,期,：,7,",",课,程,：,7,","
周,次,：,9,",",星,期,：,7,",",课,程,：,8,","
周,次,：,9,",",星,期,：,7,",",课,程,：,9,","
周,次,：,9,",",星,期,：,7,",",课,程,：,1,0,","
周,次,：,9,",",星,期,：,7,",",课,程,：,1,1,","
周,次,：,1,0,",",星,期,：,1,",",课,程,：,1,","
周,次,：,1,0,",",星,期,：,1,",",课,程,：,2,","
周,次,：,1,0,",",星,期,：,1,",",课,程,：,3,","
周,次,：,1,0,",",星,期,：,1,",",课,程,：,4,","
周,次,：,1,0,",",星,期,：,1,",",课,程,：,5,","
周,次,：,1,0,",",星,期,：,1,",",课,程,：,6,","
周,次,：,1,0,",",星,期,：,1,",",课,程,：,7,","
周,次,：,1,0,",",星,期,：,1,",",课,程,：,8,","
周,次,：,1,0,",",星,期,：,1,",",课,程,：,9,","
周,次,：,1,0,",",星,期,：,1,",",课,程,：,1,0,","
周,次,：,1,0,",",星,期,：,1,",",课,程,：,1,1,","
周,次,：,1,0,",",星,期,：,2,",",课,程,：,1,","
周,次,：,1,0,",",星,期,：,2,",",课,程,：,2,","
周,次,：,1,0,",",星,期,：,2,",",课,程,：,3,","
周,次,：,1,0,",",星,期,：,2,",",课,程,：,4,","
周,次,：,1,0,",",星,期,：,2,",",课,程,：,5,","
周,次,：,1,0,",",星,期,：,2,",",课,程,：,6,","
周,次,：,1,0,",",星,期,：,2,",",课,程,：,7,","
周,次,：,1,0,",",星,期,：,2,",",课,程,：,8,","
周,次,：,1,0,",",星,期,：,2,",",课,程,：,9,","
周,次,：,1,0,",",星,期,：,2,",",课,程,：,1,0,","
周,次,：,1,0,",",星,期,：,2,",",课,程,：,1,1,","
周,次,：,1,0,",",星,期,：,3,",",课,程,：,1,","
周,次,：,1,0,",",星,期,：,3,",",课,程,：,2,","
周,次,：,1,0,",",星,期,：,3,",",课,程,：,3,","
周,次,：,1,0,",",星,期,：,3,",",课,程,：,4,","
周,次,：,1,0,",",星,期,：,3,",",课,程,：,5,","
周,次,：,1,0,",",星,期,：,3,",",课,程,：,6,","
周,次,：,1,0,",",星,期,：,3,",",课,程,：,7,","
周,次,：,1,0,",",星,期,：,3,",",课,程,：,8,","
周,次,：,1,0,",",星,期,：,3,",",课,程,：,9,","
周,次,：,1,0,",",星,期,：,3,",",课,程,：,1,0,","
周,次,：,1,0,",",星,期,：,3,",",课,程,：,1,1,","
周,次,：,1,0,",",星,期,：,4,",",课,程,：,1,","
周,次,：,1,0,",",星,期,：,4,",",课,程,：,2,","
周,次,：,1,0,",",星,期,：,4,",",课,程,：,3,","
周,次,：,1,0,",",星,期,：,4,",",课,程,：,4,","
周,次,：,1,0,",",星,期,：,4,",",课,程,：,5,","
周,次,：,1,0,",",星,期,：,4,",",课,程,：,6,","
周,次,：,1,0,",",星,期,：,4,",",课,程,：,7,","
周,次,：,1,0,",",星,期,：,4,",",课,程,：,8,","
周,次,：,1,0,",",星,期,：,4,",",课,程,：,9,","
周,次,：,1,0,",",星,期,：,4,",",课,程,：,1,0,","
周,次,：,1,0,",",星,期,：,4,",",课,程,：,1,1,","
周,次,：,1,0,",",星,期,：,5,",",课,程,：,1,","
周,次,：,1,0,",",星,期,：,5,",",课,程,：,2,","
周,次,：,1,0,",",星,期,：,5,",",课,程,：,3,","
周,次,：,1,0,",",星,期,：,5,",",课,程,：,4,","
周,次,：,1,0,",",星,期,：,5,",",课,程,：,5,","
周,次,：,1,0,",",星,期,：,5,",",课,程,：,6,","
周,次,：,1,0,",",星,期,：,5,",",课,程,：,7,","
周,次,：,1,0,",",星,期,：,5,",",课,程,：,8,","
周,次,：,1,0,",",星,期,：,5,",",课,程,：,9,","
周,次,：,1,0,",",星,期,：,5,",",课,程,：,1,0,","
周,次,：,1,0,",",星,期,：,5,",",课,程,：,1,1,","
周,次,：,1,0,",",星,期,：,6,",",课,程,：,1,","
周,次,：,1,0,",",星,期,：,6,",",课,程,：,2,","
周,次,：,1,0,",",星,期,：,6,",",课,程,：,3,","
周,次,：,1,0,",",星,期,：,6,",",课,程,：,4,","
周,次,：,1,0,",",星,期,：,6,",",课,程,：,5,","
周,次,：,1,0,",",星,期,：,6,",",课,程,：,6,","
周,次,：,1,0,",",星,期,：,6,",",课,程,：,7,","
周,次,：,1,0,",",星,期,：,6,",",课,程,：,8,","
周,次,：,1,0,",",星,期,：,6,",",课,程,：,9,","
周,次,：,1,0,",",星,期,：,6,",",课,程,：,1,0,","
周,次,：,1,0,",",星,期,：,6,",",课,程,：,1,1,","
周,次,：,1,0,",",星,期,：,7,",",课,程,：,1,","
周,次,：,1,0,",",星,期,：,7,",",课,程,：,2,","
周,次,：,1,0,",",星,期,：,7,",",课,程,：,3,","
周,次,：,1,0,",",星,期,：,7,",",课,程,：,4,","
周,次,：,1,0,",",星,期,：,7,",",课,程,：,5,","
周,次,：,1,0,",",星,期,：,7,",",课,程,：,6,","
周,次,：,1,0,",",星,期,：,7,",",课,程,：,7,","
周,次,：,1,0,",",星,期,：,7,",",课,程,：,8,","
周,次,：,1,0,",",星,期,：,7,",",课,程,：,9,","
周,次,：,1,0,",",星,期,：,7,",",课,程,：,1,0,","
周,次,：,1,0,",",星,期,：,7,",",课,程,：,1,1,","
周,次,：,1,1,",",星,期,：,1,",",课,程,：,1,","
周,次,：,1,1,",",星,期,：,1,",",课,程,：,2,","
周,次,：,1,1,",",星,期,：,1,",",课,程,：,3,","
周,次,：,1,1,",",星,期,：,1,",",课,程,：,4,","
周,次,：,1,1,",",星,期,：,1,",",课,程,：,5,","
周,次,：,1,1,",",星,期,：,1,",",课,程,：,6,","
周,次,：,1,1,",",星,期,：,1,",",课,程,：,7,","
周,次,：,1,1,",",星,期,：,1,",",课,程,：,8,","
周,次,：,1,1,",",星,期,：,1,",",课,程,：,9,","
周,次,：,1,1,",",星,期,：,1,",",课,程,：,1,0,","
周,次,：,1,1,",",星,期,：,1,",",课,程,：,1,1,","
周,次,：,1,1,",",星,期,：,2,",",课,程,：,1,","
周,次,：,1,1,",",星,期,：,2,",",课,程,：,2,","
周,次,：,1,1,",",星,期,：,2,",",课,程,：,3,","
周,次,：,1,1,",",星,期,：,2,",",课,程,：,4,","
周,次,：,1,1,",",星,期,：,2,",",课,程,：,5,","
周,次,：,1,1,",",星,期,：,2,",",课,程,：,6,","
周,次,：,1,1,",",星,期,：,2,",",课,程,：,7,","
周,次,：,1,1,",",星,期,：,2,",",课,程,：,8,","
周,次,：,1,1,",",星,期,：,2,",",课,程,：,9,","
周,次,：,1,1,",",星,期,：,2,",",课,程,：,1,0,","
周,次,：,1,1,",",星,期,：,2,",",课,程,：,1,1,","
周,次,：,1,1,",",星,期,：,3,",",课,程,：,1,","
周,次,：,1,1,",",星,期,：,3,",",课,程,：,2,","
周,次,：,1,1,",",星,期,：,3,",",课,程,：,3,","
周,次,：,1,1,",",星,期,：,3,",",课,程,：,4,","
周,次,：,1,1,",",星,期,：,3,",",课,程,：,5,","
周,次,：,1,1,",",星,期,：,3,",",课,程,：,6,","
周,次,：,1,1,",",星,期,：,3,",",课,程,：,7,","
周,次,：,1,1,",",星,期,：,3,",",课,程,：,8,","
周,次,：,1,1,",",星,期,：,3,",",课,程,：,9,","
周,次,：,1,1,",",星,期,：,3,",",课,程,：,1,0,","
周,次,：,1,1,",",星,期,：,3,",",课,程,：,1,1,","
周,次,：,1,1,",",星,期,：,4,",",课,程,：,1,","
周,次,：,1,1,",",星,期,：,4,",",课,程,：,2,","
周,次,：,1,1,",",星,期,：,4,",",课,程,：,3,","
周,次,：,1,1,",",星,期,：,4,",",课,程,：,4,","
周,次,：,1,1,",",星,期,：,4,",",课,程,：,5,","
周,次,：,1,1,",",星,期,：,4,",",课,程,：,6,","
周,次,：,1,1,",",星,期,：,4,",",课,程,：,7,","
周,次,：,1,1,",",星,期,：,4,",",课,程,：,8,","
周,次,：,1,1,",",星,期,：,4,",",课,程,：,9,","
周,次,：,1,1,",",星,期,：,4,",",课,程,：,1,0,","
周,次,：,1,1,",",星,期,：,4,",",课,程,：,1,1,","
周,次,：,1,1,",",星,期,：,5,",",课,程,：,1,","
周,次,：,1,1,",",星,期,：,5,",",课,程,：,2,","
周,次,：,1,1,",",星,期,：,5,",",课,程,：,3,","
周,次,：,1,1,",",星,期,：,5,",",课,程,：,4,","
周,次,：,1,1,",",星,期,：,5,",",课,程,：,5,","
周,次,：,1,1,",",星,期,：,5,",",课,程,：,6,","
周,次,：,1,1,",",星,期,：,5,",",课,程,：,7,","
周,次,：,1,1,",",星,期,：,5,",",课,程,：,8,","
周,次,：,1,1,",",星,期,：,5,",",课,程,：,9,","
周,次,：,1,1,",",星,期,：,5,",",课,程,：,1,0,","
周,次,：,1,1,",",星,期,：,5,",",课,程,：,1,1,","
周,次,：,1,1,",",星,期,：,6,",",课,程,：,1,","
周,次,：,1,1,",",星,期,：,6,",",课,程,：,2,","
周,次,：,1,1,",",星,期,：,6,",",课,程,：,3,","
周,次,：,1,1,",",星,期,：,6,",",课,程,：,4,","
周,次,：,1,1,",",星,期,：,6,",",课,程,：,5,","
周,次,：,1,1,",",星,期,：,6,",",课,程,：,6,","
周,次,：,1,1,",",星,期,：,6,",",课,程,：,7,","
周,次,：,1,1,",",星,期,：,6,",",课,程,：,8,","
周,次,：,1,1,",",星,期,：,6,",",课,程,：,9,","
周,次,：,1,1,",",星,期,：,6,",",课,程,：,1,0,","
周,次,：,1,1,",",星,期,：,6,",",课,程,：,1,1,","
周,次,：,1,1,",",星,期,：,7,",",课,程,：,1,","
周,次,：,1,1,",",星,期,：,7,",",课,程,：,2,","
周,次,：,1,1,",",星,期,：,7,",",课,程,：,3,","
周,次,：,1,1,",",星,期,：,7,",",课,程,：,4,","
周,次,：,1,1,",",星,期,：,7,",",课,程,：,5,","
周,次,：,1,1,",",星,期,：,7,",",课,程,：,6,","
周,次,：,1,1,",",星,期,：,7,",",课,程,：,7,","
周,次,：,1,1,",",星,期,：,7,",",课,程,：,8,","
周,次,：,1,1,",",星,期,：,7,",",课,程,：,9,","
周,次,：,1,1,",",星,期,：,7,",",课,程,：,1,0,","
周,次,：,1,1,",",星,期,：,7,",",课,程,：,1,1,","
周,次,：,1,2,",",星,期,：,1,",",课,程,：,1,","
周,次,：,1,2,",",星,期,：,1,",",课,程,：,2,","
周,次,：,1,2,",",星,期,：,1,",",课,程,：,3,","
周,次,：,1,2,",",星,期,：,1,",",课,程,：,4,","
周,次,：,1,2,",",星,期,：,1,",",课,程,：,5,","
周,次,：,1,2,",",星,期,：,1,",",课,程,：,6,","
周,次,：,1,2,",",星,期,：,1,",",课,程,：,7,","
周,次,：,1,2,",",星,期,：,1,",",课,程,：,8,","
周,次,：,1,2,",",星,期,：,1,",",课,程,：,9,","
周,次,：,1,2,",",星,期,：,1,",",课,程,：,1,0,","
周,次,：,1,2,",",星,期,：,1,",",课,程,：,1,1,","
周,次,：,1,2,",",星,期,：,2,",",课,程,：,1,","
周,次,：,1,2,",",星,期,：,2,",",课,程,：,2,","
周,次,：,1,2,",",星,期,：,2,",",课,程,：,3,","
周,次,：,1,2,",",星,期,：,2,",",课,程,：,4,","
周,次,：,1,2,",",星,期,：,2,",",课,程,：,5,","
周,次,：,1,2,",",星,期,：,2,",",课,程,：,6,","
周,次,：,1,2,",",星,期,：,2,",",课,程,：,7,","
周,次,：,1,2,",",星,期,：,2,",",课,程,：,8,","
周,次,：,1,2,",",星,期,：,2,",",课,程,：,9,","
周,次,：,1,2,",",星,期,：,2,",",课,程,：,1,0,","
周,次,：,1,2,",",星,期,：,2,",",课,程,：,1,1,","
周,次,：,1,2,",",星,期,：,3,",",课,程,：,1,","
周,次,：,1,2,",",星,期,：,3,",",课,程,：,2,","
周,次,：,1,2,",",星,期,：,3,",",课,程,：,3,","
周,次,：,1,2,",",星,期,：,3,",",课,程,：,4,","
周,次,：,1,2,",",星,期,：,3,",",课,程,：,5,","
周,次,：,1,2,",",星,期,：,3,",",课,程,：,6,","
周,次,：,1,2,",",星,期,：,3,",",课,程,：,7,","
周,次,：,1,2,",",星,期,：,3,",",课,程,：,8,","
周,次,：,1,2,",",星,期,：,3,",",课,程,：,9,","
周,次,：,1,2,",",星,期,：,3,",",课,程,：,1,0,","
周,次,：,1,2,",",星,期,：,3,",",课,程,：,1,1,","
周,次,：,1,2,",",星,期,：,4,",",课,程,：,1,","
周,次,：,1,2,",",星,期,：,4,",",课,程,：,2,","
周,次,：,1,2,",",星,期,：,4,",",课,程,：,3,","
周,次,：,1,2,",",星,期,：,4,",",课,程,：,4,","
周,次,：,1,2,",",星,期,：,4,",",课,程,：,5,","
周,次,：,1,2,",",星,期,：,4,",",课,程,：,6,","
周,次,：,1,2,",",星,期,：,4,",",课,程,：,7,","
周,次,：,1,2,",",星,期,：,4,",",课,程,：,8,","
周,次,：,1,2,",",星,期,：,4,",",课,程,：,9,","
周,次,：,1,2,",",星,期,：,4,",",课,程,：,1,0,","
周,次,：,1,2,",",星,期,：,4,",",课,程,：,1,1,","
周,次,：,1,2,",",星,期,：,5,",",课,程,：,1,","
周,次,：,1,2,",",星,期,：,5,",",课,程,：,2,","
周,次,：,1,2,",",星,期,：,5,",",课,程,：,3,","
周,次,：,1,2,",",星,期,：,5,",",课,程,：,4,","
周,次,：,1,2,",",星,期,：,5,",",课,程,：,5,","
周,次,：,1,2,",",星,期,：,5,",",课,程,：,6,","
周,次,：,1,2,",",星,期,：,5,",",课,程,：,7,","
周,次,：,1,2,",",星,期,：,5,",",课,程,：,8,","
周,次,：,1,2,",",星,期,：,5,",",课,程,：,9,","
周,次,：,1,2,",",星,期,：,5,",",课,程,：,1,0,","
周,次,：,1,2,",",星,期,：,5,",",课,程,：,1,1,","
周,次,：,1,2,",",星,期,：,6,",",课,程,：,1,","
周,次,：,1,2,",",星,期,：,6,",",课,程,：,2,","
周,次,：,1,2,",",星,期,：,6,",",课,程,：,3,","
周,次,：,1,2,",",星,期,：,6,",",课,程,：,4,","
周,次,：,1,2,",",星,期,：,6,",",课,程,：,5,","
周,次,：,1,2,",",星,期,：,6,",",课,程,：,6,","
周,次,：,1,2,",",星,期,：,6,",",课,程,：,7,","
周,次,：,1,2,",",星,期,：,6,",",课,程,：,8,","
周,次,：,1,2,",",星,期,：,6,",",课,程,：,9,","
周,次,：,1,2,",",星,期,：,6,",",课,程,：,1,0,","
周,次,：,1,2,",",星,期,：,6,",",课,程,：,1,1,","
周,次,：,1,2,",",星,期,：,7,",",课,程,：,1,","
周,次,：,1,2,",",星,期,：,7,",",课,程,：,2,","
周,次,：,1,2,",",星,期,：,7,",",课,程,：,3,","
周,次,：,1,2,",",星,期,：,7,",",课,程,：,4,","
周,次,：,1,2,",",星,期,：,7,",",课,程,：,5,","
周,次,：,1,2,",",星,期,：,7,",",课,程,：,6,","
周,次,：,1,2,",",星,期,：,7,",",课,程,：,7,","
周,次,：,1,2,",",星,期,：,7,",",课,程,：,8,","
周,次,：,1,2,",",星,期,：,7,",",课,程,：,9,","
周,次,：,1,2,",",星,期,：,7,",",课,程,：,1,0,","
周,次,：,1,2,",",星,期,：,7,",",课,程,：,1,1,","
周,次,：,1,3,",",星,期,：,1,",",课,程,：,1,","
周,次,：,1,3,",",星,期,：,1,",",课,程,：,2,","
周,次,：,1,3,",",星,期,：,1,",",课,程,：,3,","
周,次,：,1,3,",",星,期,：,1,",",课,程,：,4,","
周,次,：,1,3,",",星,期,：,1,",",课,程,：,5,","
周,次,：,1,3,",",星,期,：,1,",",课,程,：,6,","
周,次,：,1,3,",",星,期,：,1,",",课,程,：,7,","
周,次,：,1,3,",",星,期,：,1,",",课,程,：,8,","
周,次,：,1,3,",",星,期,：,1,",",课,程,：,9,","
周,次,：,1,3,",",星,期,：,1,",",课,程,：,1,0,","
周,次,：,1,3,",",星,期,：,1,",",课,程,：,1,1,","
周,次,：,1,3,",",星,期,：,2,",",课,程,：,1,","
周,次,：,1,3,",",星,期,：,2,",",课,程,：,2,","
周,次,：,1,3,",",星,期,：,2,",",课,程,：,3,","
周,次,：,1,3,",",星,期,：,2,",",课,程,：,4,","
周,次,：,1,3,",",星,期,：,2,",",课,程,：,5,","
周,次,：,1,3,",",星,期,：,2,",",课,程,：,6,","
周,次,：,1,3,",",星,期,：,2,",",课,程,：,7,","
周,次,：,1,3,",",星,期,：,2,",",课,程,：,8,","
周,次,：,1,3,",",星,期,：,2,",",课,程,：,9,","
周,次,：,1,3,",",星,期,：,2,",",课,程,：,1,0,","
周,次,：,1,3,",",星,期,：,2,",",课,程,：,1,1,","
周,次,：,1,3,",",星,期,：,3,",",课,程,：,1,","
周,次,：,1,3,",",星,期,：,3,",",课,程,：,2,","
周,次,：,1,3,",",星,期,：,3,",",课,程,：,3,","
周,次,：,1,3,",",星,期,：,3,",",课,程,：,4,","
周,次,：,1,3,",",星,期,：,3,",",课,程,：,5,","
周,次,：,1,3,",",星,期,：,3,",",课,程,：,6,","
周,次,：,1,3,",",星,期,：,3,",",课,程,：,7,","
周,次,：,1,3,",",星,期,：,3,",",课,程,：,8,","
周,次,：,1,3,",",星,期,：,3,",",课,程,：,9,","
周,次,：,1,3,",",星,期,：,3,",",课,程,：,1,0,","
周,次,：,1,3,",",星,期,：,3,",",课,程,：,1,1,","
周,次,：,1,3,",",星,期,：,4,",",课,程,：,1,","
周,次,：,1,3,",",星,期,：,4,",",课,程,：,2,","
周,次,：,1,3,",",星,期,：,4,",",课,程,：,3,","
周,次,：,1,3,",",星,期,：,4,",",课,程,：,4,","
周,次,：,1,3,",",星,期,：,4,",",课,程,：,5,","
周,次,：,1,3,",",星,期,：,4,",",课,程,：,6,","
周,次,：,1,3,",",星,期,：,4,",",课,程,：,7,","
周,次,：,1,3,",",星,期,：,4,",",课,程,：,8,","
周,次,：,1,3,",",星,期,：,4,",",课,程,：,9,","
周,次,：,1,3,",",星,期,：,4,",",课,程,：,1,0,","
周,次,：,1,3,",",星,期,：,4,",",课,程,：,1,1,","
周,次,：,1,3,",",星,期,：,5,",",课,程,：,1,","
周,次,：,1,3,",",星,期,：,5,",",课,程,：,2,","
周,次,：,1,3,",",星,期,：,5,",",课,程,：,3,","
周,次,：,1,3,",",星,期,：,5,",",课,程,：,4,","
周,次,：,1,3,",",星,期,：,5,",",课,程,：,5,","
周,次,：,1,3,",",星,期,：,5,",",课,程,：,6,","
周,次,：,1,3,",",星,期,：,5,",",课,程,：,7,","
周,次,：,1,3,",",星,期,：,5,",",课,程,：,8,","
周,次,：,1,3,",",星,期,：,5,",",课,程,：,9,","
周,次,：,1,3,",",星,期,：,5,",",课,程,：,1,0,","
周,次,：,1,3,",",星,期,：,5,",",课,程,：,1,1,","
周,次,：,1,3,",",星,期,：,6,",",课,程,：,1,","
周,次,：,1,3,",",星,期,：,6,",",课,程,：,2,","
周,次,：,1,3,",",星,期,：,6,",",课,程,：,3,","
周,次,：,1,3,",",星,期,：,6,",",课,程,：,4,","
周,次,：,1,3,",",星,期,：,6,",",课,程,：,5,","
周,次,：,1,3,",",星,期,：,6,",",课,程,：,6,","
周,次,：,1,3,",",星,期,：,6,",",课,程,：,7,","
周,次,：,1,3,",",星,期,：,6,",",课,程,：,8,","
周,次,：,1,3,",",星,期,：,6,",",课,程,：,9,","
周,次,：,1,3,",",星,期,：,6,",",课,程,：,1,0,","
周,次,：,1,3,",",星,期,：,6,",",课,程,：,1,1,","
周,次,：,1,3,",",星,期,：,7,",",课,程,：,1,","
周,次,：,1,3,",",星,期,：,7,",",课,程,：,2,","
周,次,：,1,3,",",星,期,：,7,",",课,程,：,3,","
周,次,：,1,3,",",星,期,：,7,",",课,程,：,4,","
周,次,：,1,3,",",星,期,：,7,",",课,程,：,5,","
周,次,：,1,3,",",星,期,：,7,",",课,程,：,6,","
周,次,：,1,3,",",星,期,：,7,",",课,程,：,7,","
周,次,：,1,3,",",星,期,：,7,",",课,程,：,8,","
周,次,：,1,3,",",星,期,：,7,",",课,程,：,9,","
周,次,：,1,3,",",星,期,：,7,",",课,程,：,1,0,","
周,次,：,1,3,",",星,期,：,7,",",课,程,：,1,1,","
周,次,：,1,4,",",星,期,：,1,",",课,程,：,1,","
周,次,：,1,4,",",星,期,：,1,",",课,程,：,2,","
周,次,：,1,4,",",星,期,：,1,",",课,程,：,3,","
周,次,：,1,4,",",星,期,：,1,",",课,程,：,4,","
周,次,：,1,4,",",星,期,：,1,",",课,程,：,5,","
周,次,：,1,4,",",星,期,：,1,",",课,程,：,6,","
周,次,：,1,4,",",星,期,：,1,",",课,程,：,7,","
周,次,：,1,4,",",星,期,：,1,",",课,程,：,8,","
周,次,：,1,4,",",星,期,：,1,",",课,程,：,9,","
周,次,：,1,4,",",星,期,：,1,",",课,程,：,1,0,","
周,次,：,1,4,",",星,期,：,1,",",课,程,：,1,1,","
周,次,：,1,4,",",星,期,：,2,",",课,程,：,1,","
周,次,：,1,4,",",星,期,：,2,",",课,程,：,2,","
周,次,：,1,4,",",星,期,：,2,",",课,程,：,3,","
周,次,：,1,4,",",星,期,：,2,",",课,程,：,4,","
周,次,：,1,4,",",星,期,：,2,",",课,程,：,5,","
周,次,：,1,4,",",星,期,：,2,",",课,程,：,6,","
周,次,：,1,4,",",星,期,：,2,",",课,程,：,7,","
周,次,：,1,4,",",星,期,：,2,",",课,程,：,8,","
周,次,：,1,4,",",星,期,：,2,",",课,程,：,9,","
周,次,：,1,4,",",星,期,：,2,",",课,程,：,1,0,","
周,次,：,1,4,",",星,期,：,2,",",课,程,：,1,1,","
周,次,：,1,4,",",星,期,：,3,",",课,程,：,1,","
周,次,：,1,4,",",星,期,：,3,",",课,程,：,2,","
周,次,：,1,4,",",星,期,：,3,",",课,程,：,3,","
周,次,：,1,4,",",星,期,：,3,",",课,程,：,4,","
周,次,：,1,4,",",星,期,：,3,",",课,程,：,5,","
周,次,：,1,4,",",星,期,：,3,",",课,程,：,6,","
周,次,：,1,4,",",星,期,：,3,",",课,程,：,7,","
周,次,：,1,4,",",星,期,：,3,",",课,程,：,8,","
周,次,：,1,4,",",星,期,：,3,",",课,程,：,9,","
周,次,：,1,4,",",星,期,：,3,",",课,程,：,1,0,","
周,次,：,1,4,",",星,期,：,3,",",课,程,：,1,1,","
周,次,：,1,4,",",星,期,：,4,",",课,程,：,1,","
周,次,：,1,4,",",星,期,：,4,",",课,程,：,2,","
周,次,：,1,4,",",星,期,：,4,",",课,程,：,3,","
周,次,：,1,4,",",星,期,：,4,",",课,程,：,4,","
周,次,：,1,4,",",星,期,：,4,",",课,程,：,5,","
周,次,：,1,4,",",星,期,：,4,",",课,程,：,6,","
周,次,：,1,4,",",星,期,：,4,",",课,程,：,7,","
周,次,：,1,4,",",星,期,：,4,",",课,程,：,8,","
周,次,：,1,4,",",星,期,：,4,",",课,程,：,9,","
周,次,：,1,4,",",星,期,：,4,",",课,程,：,1,0,","
周,次,：,1,4,",",星,期,：,4,",",课,程,：,1,1,","
周,次,：,1,4,",",星,期,：,5,",",课,程,：,1,","
周,次,：,1,4,",",星,期,：,5,",",课,程,：,2,","
周,次,：,1,4,",",星,期,：,5,",",课,程,：,3,","
周,次,：,1,4,",",星,期,：,5,",",课,程,：,4,","
周,次,：,1,4,",",星,期,：,5,",",课,程,：,5,","
周,次,：,1,4,",",星,期,：,5,",",课,程,：,6,","
周,次,：,1,4,",",星,期,：,5,",",课,程,：,7,","
周,次,：,1,4,",",星,期,：,5,",",课,程,：,8,","
周,次,：,1,4,",",星,期,：,5,",",课,程,：,9,","
周,次,：,1,4,",",星,期,：,5,",",课,程,：,1,0,","
周,次,：,1,4,",",星,期,：,5,",",课,程,：,1,1,","
周,次,：,1,4,",",星,期,：,6,",",课,程,：,1,","
周,次,：,1,4,",",星,期,：,6,",",课,程,：,2,","
周,次,：,1,4,",",星,期,：,6,",",课,程,：,3,","
周,次,：,1,4,",",星,期,：,6,",",课,程,：,4,","
周,次,：,1,4,",",星,期,：,6,",",课,程,：,5,","
周,次,：,1,4,",",星,期,：,6,",",课,程,：,6,","
周,次,：,1,4,",",星,期,：,6,",",课,程,：,7,","
周,次,：,1,4,",",星,期,：,6,",",课,程,：,8,","
周,次,：,1,4,",",星,期,：,6,",",课,程,：,9,","
周,次,：,1,4,",",星,期,：,6,",",课,程,：,1,0,","
周,次,：,1,4,",",星,期,：,6,",",课,程,：,1,1,","
周,次,：,1,4,",",星,期,：,7,",",课,程,：,1,","
周,次,：,1,4,",",星,期,：,7,",",课,程,：,2,","
周,次,：,1,4,",",星,期,：,7,",",课,程,：,3,","
周,次,：,1,4,",",星,期,：,7,",",课,程,：,4,","
周,次,：,1,4,",",星,期,：,7,",",课,程,：,5,","
周,次,：,1,4,",",星,期,：,7,",",课,程,：,6,","
周,次,：,1,4,",",星,期,：,7,",",课,程,：,7,","
周,次,：,1,4,",",星,期,：,7,",",课,程,：,8,","
周,次,：,1,4,",",星,期,：,7,",",课,程,：,9,","
周,次,：,1,4,",",星,期,：,7,",",课,程,：,1,0,","
周,次,：,1,4,",",星,期,：,7,",",课,程,：,1,1,","
周,次,：,1,5,",",星,期,：,1,",",课,程,：,1,","
周,次,：,1,5,",",星,期,：,1,",",课,程,：,2,","
周,次,：,1,5,",",星,期,：,1,",",课,程,：,3,","
周,次,：,1,5,",",星,期,：,1,",",课,程,：,4,","
周,次,：,1,5,",",星,期,：,1,",",课,程,：,5,","
周,次,：,1,5,",",星,期,：,1,",",课,程,：,6,","
周,次,：,1,5,",",星,期,：,1,",",课,程,：,7,","
周,次,：,1,5,",",星,期,：,1,",",课,程,：,8,","
周,次,：,1,5,",",星,期,：,1,",",课,程,：,9,","
周,次,：,1,5,",",星,期,：,1,",",课,程,：,1,0,","
周,次,：,1,5,",",星,期,：,1,",",课,程,：,1,1,","
周,次,：,1,5,",",星,期,：,2,",",课,程,：,1,","
周,次,：,1,5,",",星,期,：,2,",",课,程,：,2,","
周,次,：,1,5,",",星,期,：,2,",",课,程,：,3,","
周,次,：,1,5,",",星,期,：,2,",",课,程,：,4,","
周,次,：,1,5,",",星,期,：,2,",",课,程,：,5,","
周,次,：,1,5,",",星,期,：,2,",",课,程,：,6,","
周,次,：,1,5,",",星,期,：,2,",",课,程,：,7,","
周,次,：,1,5,",",星,期,：,2,",",课,程,：,8,","
周,次,：,1,5,",",星,期,：,2,",",课,程,：,9,","
周,次,：,1,5,",",星,期,：,2,",",课,程,：,1,0,","
周,次,：,1,5,",",星,期,：,2,",",课,程,：,1,1,","
周,次,：,1,5,",",星,期,：,3,",",课,程,：,1,","
周,次,：,1,5,",",星,期,：,3,",",课,程,：,2,","
周,次,：,1,5,",",星,期,：,3,",",课,程,：,3,","
周,次,：,1,5,",",星,期,：,3,",",课,程,：,4,","
周,次,：,1,5,",",星,期,：,3,",",课,程,：,5,","
周,次,：,1,5,",",星,期,：,3,",",课,程,：,6,","
周,次,：,1,5,",",星,期,：,3,",",课,程,：,7,","
周,次,：,1,5,",",星,期,：,3,",",课,程,：,8,","
周,次,：,1,5,",",星,期,：,3,",",课,程,：,9,","
周,次,：,1,5,",",星,期,：,3,",",课,程,：,1,0,","
周,次,：,1,5,",",星,期,：,3,",",课,程,：,1,1,","
周,次,：,1,5,",",星,期,：,4,",",课,程,：,1,","
周,次,：,1,5,",",星,期,：,4,",",课,程,：,2,","
周,次,：,1,5,",",星,期,：,4,",",课,程,：,3,","
周,次,：,1,5,",",星,期,：,4,",",课,程,：,4,","
周,次,：,1,5,",",星,期,：,4,",",课,程,：,5,","
周,次,：,1,5,",",星,期,：,4,",",课,程,：,6,","
周,次,：,1,5,",",星,期,：,4,",",课,程,：,7,","
周,次,：,1,5,",",星,期,：,4,",",课,程,：,8,","
周,次,：,1,5,",",星,期,：,4,",",课,程,：,9,","
周,次,：,1,5,",",星,期,：,4,",",课,程,：,1,0,","
周,次,：,1,5,",",星,期,：,4,",",课,程,：,1,1,","
周,次,：,1,5,",",星,期,：,5,",",课,程,：,1,","
周,次,：,1,5,",",星,期,：,5,",",课,程,：,2,","
周,次,：,1,5,",",星,期,：,5,",",课,程,：,3,","
周,次,：,1,5,",",星,期,：,5,",",课,程,：,4,","
周,次,：,1,5,",",星,期,：,5,",",课,程,：,5,","
周,次,：,1,5,",",星,期,：,5,",",课,程,：,6,","
周,次,：,1,5,",",星,期,：,5,",",课,程,：,7,","
周,次,：,1,5,",",星,期,：,5,",",课,程,：,8,","
周,次,：,1,5,",",星,期,：,5,",",课,程,：,9,","
周,次,：,1,5,",",星,期,：,5,",",课,程,：,1,0,","
周,次,：,1,5,",",星,期,：,5,",",课,程,：,1,1,","
周,次,：,1,5,",",星,期,：,6,",",课,程,：,1,","
周,次,：,1,5,",",星,期,：,6,",",课,程,：,2,","
周,次,：,1,5,",",星,期,：,6,",",课,程,：,3,","
周,次,：,1,5,",",星,期,：,6,",",课,程,：,4,","
周,次,：,1,5,",",星,期,：,6,",",课,程,：,5,","
周,次,：,1,5,",",星,期,：,6,",",课,程,：,6,","
周,次,：,1,5,",",星,期,：,6,",",课,程,：,7,","
周,次,：,1,5,",",星,期,：,6,",",课,程,：,8,","
周,次,：,1,5,",",星,期,：,6,",",课,程,：,9,","
周,次,：,1,5,",",星,期,：,6,",",课,程,：,1,0,","
周,次,：,1,5,",",星,期,：,6,",",课,程,：,1,1,","
周,次,：,1,5,",",星,期,：,7,",",课,程,：,1,","
周,次,：,1,5,",",星,期,：,7,",",课,程,：,2,","
周,次,：,1,5,",",星,期,：,7,",",课,程,：,3,","
周,次,：,1,5,",",星,期,：,7,",",课,程,：,4,","
周,次,：,1,5,",",星,期,：,7,",",课,程,：,5,","
周,次,：,1,5,",",星,期,：,7,",",课,程,：,6,","
周,次,：,1,5,",",星,期,：,7,",",课,程,：,7,","
周,次,：,1,5,",",星,期,：,7,",",课,程,：,8,","
周,次,：,1,5,",",星,期,：,7,",",课,程,：,9,","
周,次,：,1,5,",",星,期,：,7,",",课,程,：,1,0,","
周,次,：,1,5,",",星,期,：,7,",",课,程,：,1,1,","
周,次,：,1,6,",",星,期,：,1,",",课,程,：,1,","
周,次,：,1,6,",",星,期,：,1,",",课,程,：,2,","
周,次,：,1,6,",",星,期,：,1,",",课,程,：,3,","
周,次,：,1,6,",",星,期,：,1,",",课,程,：,4,","
周,次,：,1,6,",",星,期,：,1,",",课,程,：,5,","
周,次,：,1,6,",",星,期,：,1,",",课,程,：,6,","
周,次,：,1,6,",",星,期,：,1,",",课,程,：,7,","
周,次,：,1,6,",",星,期,：,1,",",课,程,：,8,","
周,次,：,1,6,",",星,期,：,1,",",课,程,：,9,","
周,次,：,1,6,",",星,期,：,1,",",课,程,：,1,0,","
周,次,：,1,6,",",星,期,：,1,",",课,程,：,1,1,","
周,次,：,1,6,",",星,期,：,2,",",课,程,：,1,","
周,次,：,1,6,",",星,期,：,2,",",课,程,：,2,","
周,次,：,1,6,",",星,期,：,2,",",课,程,：,3,","
周,次,：,1,6,",",星,期,：,2,",",课,程,：,4,","
周,次,：,1,6,",",星,期,：,2,",",课,程,：,5,","
周,次,：,1,6,",",星,期,：,2,",",课,程,：,6,","
周,次,：,1,6,",",星,期,：,2,",",课,程,：,7,","
周,次,：,1,6,",",星,期,：,2,",",课,程,：,8,","
周,次,：,1,6,",",星,期,：,2,",",课,程,：,9,","
周,次,：,1,6,",",星,期,：,2,",",课,程,：,1,0,","
周,次,：,1,6,",",星,期,：,2,",",课,程,：,1,1,","
周,次,：,1,6,",",星,期,：,3,",",课,程,：,1,","
周,次,：,1,6,",",星,期,：,3,",",课,程,：,2,","
周,次,：,1,6,",",星,期,：,3,",",课,程,：,3,","
周,次,：,1,6,",",星,期,：,3,",",课,程,：,4,","
周,次,：,1,6,",",星,期,：,3,",",课,程,：,5,","
周,次,：,1,6,",",星,期,：,3,",",课,程,：,6,","
周,次,：,1,6,",",星,期,：,3,",",课,程,：,7,","
周,次,：,1,6,",",星,期,：,3,",",课,程,：,8,","
周,次,：,1,6,",",星,期,：,3,",",课,程,：,9,","
周,次,：,1,6,",",星,期,：,3,",",课,程,：,1,0,","
周,次,：,1,6,",",星,期,：,3,",",课,程,：,1,1,","
周,次,：,1,6,",",星,期,：,4,",",课,程,：,1,","
周,次,：,1,6,",",星,期,：,4,",",课,程,：,2,","
周,次,：,1,6,",",星,期,：,4,",",课,程,：,3,","
周,次,：,1,6,",",星,期,：,4,",",课,程,：,4,","
周,次,：,1,6,",",星,期,：,4,",",课,程,：,5,","
周,次,：,1,6,",",星,期,：,4,",",课,程,：,6,","
周,次,：,1,6,",",星,期,：,4,",",课,程,：,7,","
周,次,：,1,6,",",星,期,：,4,",",课,程,：,8,","
周,次,：,1,6,",",星,期,：,4,",",课,程,：,9,","
周,次,：,1,6,",",星,期,：,4,",",课,程,：,1,0,","
周,次,：,1,6,",",星,期,：,4,",",课,程,：,1,1,","
周,次,：,1,6,",",星,期,：,5,",",课,程,：,1,","
周,次,：,1,6,",",星,期,：,5,",",课,程,：,2,","
周,次,：,1,6,",",星,期,：,5,",",课,程,：,3,","
周,次,：,1,6,",",星,期,：,5,",",课,程,：,4,","
周,次,：,1,6,",",星,期,：,5,",",课,程,：,5,","
周,次,：,1,6,",",星,期,：,5,",",课,程,：,6,","
周,次,：,1,6,",",星,期,：,5,",",课,程,：,7,","
周,次,：,1,6,",",星,期,：,5,",",课,程,：,8,","
周,次,：,1,6,",",星,期,：,5,",",课,程,：,9,","
周,次,：,1,6,",",星,期,：,5,",",课,程,：,1,0,","
周,次,：,1,6,",",星,期,：,5,",",课,程,：,1,1,","
周,次,：,1,6,",",星,期,：,6,",",课,程,：,1,","
周,次,：,1,6,",",星,期,：,6,",",课,程,：,2,","
周,次,：,1,6,",",星,期,：,6,",",课,程,：,3,","
周,次,：,1,6,",",星,期,：,6,",",课,程,：,4,","
周,次,：,1,6,",",星,期,：,6,",",课,程,：,5,","
周,次,：,1,6,",",星,期,：,6,",",课,程,：,6,","
周,次,：,1,6,",",星,期,：,6,",",课,程,：,7,","
周,次,：,1,6,",",星,期,：,6,",",课,程,：,8,","
周,次,：,1,6,",",星,期,：,6,",",课,程,：,9,","
周,次,：,1,6,",",星,期,：,6,",",课,程,：,1,0,","
周,次,：,1,6,",",星,期,：,6,",",课,程,：,1,1,","
周,次,：,1,6,",",星,期,：,7,",",课,程,：,1,","
周,次,：,1,6,",",星,期,：,7,",",课,程,：,2,","
周,次,：,1,6,",",星,期,：,7,",",课,程,：,3,","
周,次,：,1,6,",",星,期,：,7,",",课,程,：,4,","
周,次,：,1,6,",",星,期,：,7,",",课,程,：,5,","
周,次,：,1,6,",",星,期,：,7,",",课,程,：,6,","
周,次,：,1,6,",",星,期,：,7,",",课,程,：,7,","
周,次,：,1,6,",",星,期,：,7,",",课,程,：,8,","
周,次,：,1,6,",",星,期,：,7,",",课,程,：,9,","
周,次,：,1,6,",",星,期,：,7,",",课,程,：,1,0,","
周,次,：,1,6,",",星,期,：,7,",",课,程,：,1,1,","
周,次,：,1,7,",",星,期,：,1,",",课,程,：,1,","
周,次,：,1,7,",",星,期,：,1,",",课,程,：,2,","
周,次,：,1,7,",",星,期,：,1,",",课,程,：,3,","
周,次,：,1,7,",",星,期,：,1,",",课,程,：,4,","
周,次,：,1,7,",",星,期,：,1,",",课,程,：,5,","
周,次,：,1,7,",",星,期,：,1,",",课,程,：,6,","
周,次,：,1,7,",",星,期,：,1,",",课,程,：,7,","
周,次,：,1,7,",",星,期,：,1,",",课,程,：,8,","
周,次,：,1,7,",",星,期,：,1,",",课,程,：,9,","
周,次,：,1,7,",",星,期,：,1,",",课,程,：,1,0,","
周,次,：,1,7,",",星,期,：,1,",",课,程,：,1,1,","
周,次,：,1,7,",",星,期,：,2,",",课,程,：,1,","
周,次,：,1,7,",",星,期,：,2,",",课,程,：,2,","
周,次,：,1,7,",",星,期,：,2,",",课,程,：,3,","
周,次,：,1,7,",",星,期,：,2,",",课,程,：,4,","
周,次,：,1,7,",",星,期,：,2,",",课,程,：,5,","
周,次,：,1,7,",",星,期,：,2,",",课,程,：,6,","
周,次,：,1,7,",",星,期,：,2,",",课,程,：,7,","
周,次,：,1,7,",",星,期,：,2,",",课,程,：,8,","
周,次,：,1,7,",",星,期,：,2,",",课,程,：,9,","
周,次,：,1,7,",",星,期,：,2,",",课,程,：,1,0,","
周,次,：,1,7,",",星,期,：,2,",",课,程,：,1,1,","
周,次,：,1,7,",",星,期,：,3,",",课,程,：,1,","
周,次,：,1,7,",",星,期,：,3,",",课,程,：,2,","
周,次,：,1,7,",",星,期,：,3,",",课,程,：,3,","
周,次,：,1,7,",",星,期,：,3,",",课,程,：,4,","
周,次,：,1,7,",",星,期,：,3,",",课,程,：,5,","
周,次,：,1,7,",",星,期,：,3,",",课,程,：,6,","
周,次,：,1,7,",",星,期,：,3,",",课,程,：,7,","
周,次,：,1,7,",",星,期,：,3,",",课,程,：,8,","
周,次,：,1,7,",",星,期,：,3,",",课,程,：,9,","
周,次,：,1,7,",",星,期,：,3,",",课,程,：,1,0,","
周,次,：,1,7,",",星,期,：,3,",",课,程,：,1,1,","
周,次,：,1,7,",",星,期,：,4,",",课,程,：,1,","
周,次,：,1,7,",",星,期,：,4,",",课,程,：,2,","
周,次,：,1,7,",",星,期,：,4,",",课,程,：,3,","
周,次,：,1,7,",",星,期,：,4,",",课,程,：,4,","
周,次,：,1,7,",",星,期,：,4,",",课,程,：,5,","
周,次,：,1,7,",",星,期,：,4,",",课,程,：,6,","
周,次,：,1,7,",",星,期,：,4,",",课,程,：,7,","
周,次,：,1,7,",",星,期,：,4,",",课,程,：,8,","
周,次,：,1,7,",",星,期,：,4,",",课,程,：,9,","
周,次,：,1,7,",",星,期,：,4,",",课,程,：,1,0,","
周,次,：,1,7,",",星,期,：,4,",",课,程,：,1,1,","
周,次,：,1,7,",",星,期,：,5,",",课,程,：,1,","
周,次,：,1,7,",",星,期,：,5,",",课,程,：,2,","
周,次,：,1,7,",",星,期,：,5,",",课,程,：,3,","
周,次,：,1,7,",",星,期,：,5,",",课,程,：,4,","
周,次,：,1,7,",",星,期,：,5,",",课,程,：,5,","
周,次,：,1,7,",",星,期,：,5,",",课,程,：,6,","
周,次,：,1,7,",",星,期,：,5,",",课,程,：,7,","
周,次,：,1,7,",",星,期,：,5,",",课,程,：,8,","
周,次,：,1,7,",",星,期,：,5,",",课,程,：,9,","
周,次,：,1,7,",",星,期,：,5,",",课,程,：,1,0,","
周,次,：,1,7,",",星,期,：,5,",",课,程,：,1,1,","
周,次,：,1,7,",",星,期,：,6,",",课,程,：,1,","
周,次,：,1,7,",",星,期,：,6,",",课,程,：,2,","
周,次,：,1,7,",",星,期,：,6,",",课,程,：,3,","
周,次,：,1,7,",",星,期,：,6,",",课,程,：,4,","
周,次,：,1,7,",",星,期,：,6,",",课,程,：,5,","
周,次,：,1,7,",",星,期,：,6,",",课,程,：,6,","
周,次,：,1,7,",",星,期,：,6,",",课,程,：,7,","
周,次,：,1,7,",",星,期,：,6,",",课,程,：,8,","
周,次,：,1,7,",",星,期,：,6,",",课,程,：,9,","
周,次,：,1,7,",",星,期,：,6,",",课,程,：,1,0,","
周,次,：,1,7,",",星,期,：,6,",",课,程,：,1,1,","
周,次,：,1,7,",",星,期,：,7,",",课,程,：,1,","
周,次,：,1,7,",",星,期,：,7,",",课,程,：,2,","
周,次,：,1,7,",",星,期,：,7,",",课,程,：,3,","
周,次,：,1,7,",",星,期,：,7,",",课,程,：,4,","
周,次,：,1,7,",",星,期,：,7,",",课,程,：,5,","
周,次,：,1,7,",",星,期,：,7,",",课,程,：,6,","
周,次,：,1,7,",",星,期,：,7,",",课,程,：,7,","
周,次,：,1,7,",",星,期,：,7,",",课,程,：,8,","
周,次,：,1,7,",",星,期,：,7,",",课,程,：,9,","
周,次,：,1,7,",",星,期,：,7,",",课,程,：,1,0,","
周,次,：,1,7,",",星,期,：,7,",",课,程,：,1,1,","
周,次,：,1,8,",",星,期,：,1,",",课,程,：,1,","
周,次,：,1,8,",",星,期,：,1,",",课,程,：,2,","
周,次,：,1,8,",",星,期,：,1,",",课,程,：,3,","
周,次,：,1,8,",",星,期,：,1,",",课,程,：,4,","
周,次,：,1,8,",",星,期,：,1,",",课,程,：,5,","
周,次,：,1,8,",",星,期,：,1,",",课,程,：,6,","
周,次,：,1,8,",",星,期,：,1,",",课,程,：,7,","
周,次,：,1,8,",",星,期,：,1,",",课,程,：,8,","
周,次,：,1,8,",",星,期,：,1,",",课,程,：,9,","
周,次,：,1,8,",",星,期,：,1,",",课,程,：,1,0,","
周,次,：,1,8,",",星,期,：,1,",",课,程,：,1,1,","
周,次,：,1,8,",",星,期,：,2,",",课,程,：,1,","
周,次,：,1,8,",",星,期,：,2,",",课,程,：,2,","
周,次,：,1,8,",",星,期,：,2,",",课,程,：,3,","
周,次,：,1,8,",",星,期,：,2,",",课,程,：,4,","
周,次,：,1,8,",",星,期,：,2,",",课,程,：,5,","
周,次,：,1,8,",",星,期,：,2,",",课,程,：,6,","
周,次,：,1,8,",",星,期,：,2,",",课,程,：,7,","
周,次,：,1,8,",",星,期,：,2,",",课,程,：,8,","
周,次,：,1,8,",",星,期,：,2,",",课,程,：,9,","
周,次,：,1,8,",",星,期,：,2,",",课,程,：,1,0,","
周,次,：,1,8,",",星,期,：,2,",",课,程,：,1,1,","
周,次,：,1,8,",",星,期,：,3,",",课,程,：,1,","
周,次,：,1,8,",",星,期,：,3,",",课,程,：,2,","
周,次,：,1,8,",",星,期,：,3,",",课,程,：,3,","
周,次,：,1,8,",",星,期,：,3,",",课,程,：,4,","
周,次,：,1,8,",",星,期,：,3,",",课,程,：,5,","
周,次,：,1,8,",",星,期,：,3,",",课,程,：,6,","
周,次,：,1,8,",",星,期,：,3,",",课,程,：,7,","
周,次,：,1,8,",",星,期,：,3,",",课,程,：,8,","
周,次,：,1,8,",",星,期,：,3,",",课,程,：,9,","
周,次,：,1,8,",",星,期,：,3,",",课,程,：,1,0,","
周,次,：,1,8,",",星,期,：,3,",",课,程,：,1,1,","
周,次,：,1,8,",",星,期,：,4,",",课,程,：,1,","
周,次,：,1,8,",",星,期,：,4,",",课,程,：,2,","
周,次,：,1,8,",",星,期,：,4,",",课,程,：,3,","
周,次,：,1,8,",",星,期,：,4,",",课,程,：,4,","
周,次,：,1,8,",",星,期,：,4,",",课,程,：,5,","
周,次,：,1,8,",",星,期,：,4,",",课,程,：,6,","
周,次,：,1,8,",",星,期,：,4,",",课,程,：,7,","
周,次,：,1,8,",",星,期,：,4,",",课,程,：,8,","
周,次,：,1,8,",",星,期,：,4,",",课,程,：,9,","
周,次,：,1,8,",",星,期,：,4,",",课,程,：,1,0,","
周,次,：,1,8,",",星,期,：,4,",",课,程,：,1,1,","
周,次,：,1,8,",",星,期,：,5,",",课,程,：,1,","
周,次,：,1,8,",",星,期,：,5,",",课,程,：,2,","
周,次,：,1,8,",",星,期,：,5,",",课,程,：,3,","
周,次,：,1,8,",",星,期,：,5,",",课,程,：,4,","
周,次,：,1,8,",",星,期,：,5,",",课,程,：,5,","
周,次,：,1,8,",",星,期,：,5,",",课,程,：,6,","
周,次,：,1,8,",",星,期,：,5,",",课,程,：,7,","
周,次,：,1,8,",",星,期,：,5,",",课,程,：,8,","
周,次,：,1,8,",",星,期,：,5,",",课,程,：,9,","
周,次,：,1,8,",",星,期,：,5,",",课,程,：,1,0,","
周,次,：,1,8,",",星,期,：,5,",",课,程,：,1,1,","
周,次,：,1,8,",",星,期,：,6,",",课,程,：,1,","
周,次,：,1,8,",",星,期,：,6,",",课,程,：,2,","
周,次,：,1,8,",",星,期,：,6,",",课,程,：,3,","
周,次,：,1,8,",",星,期,：,6,",",课,程,：,4,","
周,次,：,1,8,",",星,期,：,6,",",课,程,：,5,","
周,次,：,1,8,",",星,期,：,6,",",课,程,：,6,","
周,次,：,1,8,",",星,期,：,6,",",课,程,：,7,","
周,次,：,1,8,",",星,期,：,6,",",课,程,：,8,","
周,次,：,1,8,",",星,期,：,6,",",课,程,：,9,","
周,次,：,1,8,",",星,期,：,6,",",课,程,：,1,0,","
周,次,：,1,8,",",星,期,：,6,",",课,程,：,1,1,","
周,次,：,1,8,",",星,期,：,7,",",课,程,：,1,","
周,次,：,1,8,",",星,期,：,7,",",课,程,：,2,","
周,次,：,1,8,",",星,期,：,7,",",课,程,：,3,","
周,次,：,1,8,",",星,期,：,7,",",课,程,：,4,","
周,次,：,1,8,",",星,期,：,7,",",课,程,：,5,","
周,次,：,1,8,",",星,期,：,7,",",课,程,：,6,","
周,次,：,1,8,",",星,期,：,7,",",课,程,：,7,","
周,次,：,1,8,",",星,期,：,7,",",课,程,：,8,","
周,次,：,1,8,",",星,期,：,7,",",课,程,：,9,","
周,次,：,1,8,",",星,期,：,7,",",课,程,：,1,0,","
周,次,：,1,8,",",星,期,：,7,",",课,程,：,1,1,","
